species,sample_id,gene,aro,cut_off,identity,pct_ref_length,bitscore,pass_bitscore,arg_length_bp,contig,start,stop,orientation,drug_class,resistance_mechanism,amr_gene_family,model_id
Escherichia coli,C0004,APH(3'')-Ib,3002639,Strict,99.25,103.75,548.0,500,834,NODE_92_length_1714_cov_82.7007,879,1712,-,aminoglycoside antibiotic,antibiotic inactivation,APH(3''),1830
Escherichia coli,C0004,APH(6)-Id,3002660,Strict,99.64,99.28,556.0,500,831,NODE_92_length_1714_cov_82.7007,43,873,-,aminoglycoside antibiotic,antibiotic inactivation,APH(6),1031
Escherichia coli,C0004,AcrE,3000499,Perfect,100.0,100.0,731.0,675,1158,NODE_13_length_128112_cov_29.6053,117980,119137,+,fluoroquinolone antibiotic; cephalosporin; penicillin beta-lactam,antibiotic efflux,resistance-nodulation-cell division (RND) antibiotic efflux pump,1445
Escherichia coli,C0004,AcrF,3000502,Strict,99.61,100.0,1926.0,1900,3105,NODE_13_length_128112_cov_29.6053,119149,122253,+,fluoroquinolone antibiotic; cephalosporin; penicillin beta-lactam,antibiotic efflux,resistance-nodulation-cell division (RND) antibiotic efflux pump,1437
Escherichia coli,C0004,AcrS,3000656,Perfect,100.0,100.0,436.0,380,663,NODE_13_length_128112_cov_29.6053,116919,117581,-,fluoroquinolone antibiotic; cephalosporin; glycylcycline; penicillin beta-lactam; tetracycline antibiotic; rifamycin antibiotic; phenicol antibiotic; disinfecting agents and antiseptics,antibiotic efflux,resistance-nodulation-cell division (RND) antibiotic efflux pump,520
Escherichia coli,C0004,ArnT,3005053,Strict,63.34,99.82,697.0,400,1653,NODE_1_length_358066_cov_25.5112,334670,336322,-,peptide antibiotic,antibiotic target alteration,pmr phosphoethanolamine transferase,3795
Escherichia coli,C0004,CRP,3000518,Strict,99.52,100.0,416.0,400,633,NODE_9_length_165336_cov_27.5686,15053,15685,+,macrolide antibiotic; fluoroquinolone antibiotic; penicillin beta-lactam,antibiotic efflux,resistance-nodulation-cell division (RND) antibiotic efflux pump,869
Escherichia coli,C0004,CTX-M-15,3001878,Perfect,100.0,100.0,553.0,500,876,NODE_70_length_4432_cov_42.3726,175,1050,+,cephalosporin; penicillin beta-lactam,antibiotic inactivation,CTX-M beta-lactamase,2035
Escherichia coli,C0004,EC-15,3006876,Strict,98.41,100.0,759.0,725,1134,NODE_6_length_243415_cov_29.1947,100539,101672,-,cephalosporin,antibiotic inactivation,EC beta-lactamase,4590
Escherichia coli,C0004,Escherichia coli acrA,3004043,Perfect,100.0,100.0,746.0,670,1194,NODE_8_length_173800_cov_26.7387,79907,81100,+,fluoroquinolone antibiotic; cephalosporin; glycylcycline; penicillin beta-lactam; tetracycline antibiotic; rifamycin antibiotic; phenicol antibiotic; disinfecting agents and antiseptics,antibiotic efflux,resistance-nodulation-cell division (RND) antibiotic efflux pump,2661
Escherichia coli,C0004,Escherichia coli mdfA,3001328,Strict,96.59,100.0,758.0,700,1233,NODE_38_length_37964_cov_25.4446,2937,4169,-,tetracycline antibiotic; phenicol antibiotic; disinfecting agents and antiseptics,antibiotic efflux,major facilitator superfamily (MFS) antibiotic efflux pump,37
Escherichia coli,C0004,H-NS,3000676,Strict,99.27,100.0,242.0,240,414,NODE_4_length_258907_cov_24.8514,85294,85707,-,macrolide antibiotic; fluoroquinolone antibiotic; cephalosporin; penicillin beta-lactam; tetracycline antibiotic,antibiotic efflux,major facilitator superfamily (MFS) antibiotic efflux pump; resistance-nodulation-cell division (RND) antibiotic efflux pump,1248
Escherichia coli,C0004,Klebsiella pneumoniae KpnE,3004580,Strict,81.36,100.83,172.0,150,366,NODE_12_length_128956_cov_25.6606,104761,105126,-,macrolide antibiotic; aminoglycoside antibiotic; cephalosporin; tetracycline antibiotic; peptide antibiotic; rifamycin antibiotic; disinfecting agents and antiseptics,antibiotic efflux,small multidrug resistance (SMR) antibiotic efflux pump,3283
Escherichia coli,C0004,Klebsiella pneumoniae KpnF,3004583,Strict,84.4,100.0,191.0,150,330,NODE_12_length_128956_cov_25.6606,104445,104774,-,macrolide antibiotic; aminoglycoside antibiotic; cephalosporin; tetracycline antibiotic; peptide antibiotic; rifamycin antibiotic; disinfecting agents and antiseptics,antibiotic efflux,small multidrug resistance (SMR) antibiotic efflux pump,3286
Escherichia coli,C0004,PmrF,3003578,Strict,99.07,100.0,622.0,550,969,NODE_1_length_358066_cov_25.5112,339191,340159,-,peptide antibiotic,antibiotic target alteration,pmr phosphoethanolamine transferase,2014
Escherichia coli,C0004,TEM-1,3000873,Perfect,100.0,100.0,565.0,500,861,NODE_78_length_2910_cov_27.7032,1245,2105,+,monobactam; cephalosporin; penicillin beta-lactam,antibiotic inactivation,TEM beta-lactamase,355
Escherichia coli,C0004,YojI,3003952,Strict,99.82,100.0,1057.0,1050,1644,NODE_26_length_61444_cov_26.1657,17054,18697,-,peptide antibiotic,antibiotic efflux,ATP-binding cassette (ABC) antibiotic efflux pump,2424
Escherichia coli,C0004,acrB,3000216,Perfect,100.0,100.0,1980.0,1900,3150,NODE_8_length_173800_cov_26.7387,81123,84272,+,fluoroquinolone antibiotic; cephalosporin; glycylcycline; penicillin beta-lactam; tetracycline antibiotic; rifamycin antibiotic; phenicol antibiotic; disinfecting agents and antiseptics,antibiotic efflux,resistance-nodulation-cell division (RND) antibiotic efflux pump,1104
Escherichia coli,C0004,acrD,3000491,Strict,99.81,100.0,1964.0,1900,3114,NODE_1_length_358066_cov_25.5112,135627,138740,-,aminoglycoside antibiotic,antibiotic efflux,resistance-nodulation-cell division (RND) antibiotic efflux pump,1427
Escherichia coli,C0004,bacA,3002986,Strict,99.63,100.0,526.0,500,822,NODE_3_length_304800_cov_27.5883,227502,228323,-,peptide antibiotic,antibiotic target alteration,undecaprenyl pyrophosphate related proteins,1820
Escherichia coli,C0004,cpxA,3000830,Perfect,100.0,100.0,887.0,890,1374,NODE_21_length_86548_cov_29.0899,62622,63995,-,aminoglycoside antibiotic; aminocoumarin antibiotic,antibiotic efflux,resistance-nodulation-cell division (RND) antibiotic efflux pump,152
Escherichia coli,C0004,dfrA14,3002859,Strict,99.36,101.91,325.0,300,483,NODE_64_length_7042_cov_32.7811,4730,5212,-,diaminopyrimidine antibiotic,antibiotic target replacement,trimethoprim resistant dihydrofolate reductase dfr,1592
Escherichia coli,C0004,emrA,3000027,Strict,99.74,100.0,712.0,675,1173,NODE_14_length_113522_cov_26.1885,86915,88087,-,fluoroquinolone antibiotic,antibiotic efflux,major facilitator superfamily (MFS) antibiotic efflux pump,1757
Escherichia coli,C0004,emrB,3000074,Perfect,100.0,100.0,998.0,900,1539,NODE_14_length_113522_cov_26.1885,85360,86898,-,fluoroquinolone antibiotic,antibiotic efflux,major facilitator superfamily (MFS) antibiotic efflux pump,1847
Escherichia coli,C0004,emrK,3000206,Strict,99.72,110.26,670.0,600,1164,NODE_1_length_358066_cov_25.5112,233323,234486,+,tetracycline antibiotic,antibiotic efflux,major facilitator superfamily (MFS) antibiotic efflux pump,609
Escherichia coli,C0004,emrR,3000516,Perfect,100.0,100.0,347.0,280,531,NODE_14_length_113522_cov_26.1885,88214,88744,-,fluoroquinolone antibiotic,antibiotic efflux,major facilitator superfamily (MFS) antibiotic efflux pump,1330
Escherichia coli,C0004,emrY,3000254,Strict,99.8,100.0,991.0,900,1539,NODE_1_length_358066_cov_25.5112,234486,236024,+,tetracycline antibiotic,antibiotic efflux,major facilitator superfamily (MFS) antibiotic efflux pump,540
Escherichia coli,C0004,eptA,3003576,Strict,99.63,100.0,1083.0,1000,1644,NODE_6_length_243415_cov_29.1947,56689,58332,-,peptide antibiotic,antibiotic target alteration,pmr phosphoethanolamine transferase,516
Escherichia coli,C0004,evgA,3000832,Perfect,100.0,100.0,396.0,390,615,NODE_1_length_358066_cov_25.5112,232293,232907,-,macrolide antibiotic; fluoroquinolone antibiotic; penicillin beta-lactam; tetracycline antibiotic,antibiotic efflux,major facilitator superfamily (MFS) antibiotic efflux pump; resistance-nodulation-cell division (RND) antibiotic efflux pump,1015
Escherichia coli,C0004,evgS,3000833,Strict,99.5,100.0,2360.0,2300,3594,NODE_1_length_358066_cov_25.5112,228695,232288,-,macrolide antibiotic; fluoroquinolone antibiotic; penicillin beta-lactam; tetracycline antibiotic,antibiotic efflux,major facilitator superfamily (MFS) antibiotic efflux pump; resistance-nodulation-cell division (RND) antibiotic efflux pump,1318
Escherichia coli,C0004,gadX,3000508,Strict,98.54,100.0,528.0,450,825,NODE_43_length_30276_cov_28.9248,28949,29773,-,macrolide antibiotic; fluoroquinolone antibiotic; penicillin beta-lactam,antibiotic efflux,resistance-nodulation-cell division (RND) antibiotic efflux pump,91
Escherichia coli,C0004,kdpE,3003841,Strict,99.11,100.0,443.0,400,678,NODE_19_length_91012_cov_26.6703,7004,7681,+,aminoglycoside antibiotic,antibiotic efflux,kdpDE,2331
Escherichia coli,C0004,leuO,3003843,Strict,99.04,100.0,622.0,500,945,NODE_5_length_253406_cov_27.543,64560,65504,-,nucleoside antibiotic; disinfecting agents and antiseptics,antibiotic efflux,major facilitator superfamily (MFS) antibiotic efflux pump,5921
Escherichia coli,C0004,marA,3000263,Perfect,100.0,100.0,259.0,230,384,NODE_12_length_128956_cov_25.6606,42822,43205,+,fluoroquinolone antibiotic; monobactam; carbapenem; cephalosporin; glycylcycline; penicillin beta-lactam; tetracycline antibiotic; rifamycin antibiotic; phenicol antibiotic; disinfecting agents and antiseptics,antibiotic efflux; reduced permeability to antibiotic,resistance-nodulation-cell division (RND) antibiotic efflux pump; General Bacterial Porin with reduced permeability to beta-lactams,1922
Escherichia coli,C0004,mdtA,3000792,Strict,99.04,100.0,754.0,725,1248,NODE_7_length_179166_cov_24.591,132222,133469,-,aminocoumarin antibiotic,antibiotic efflux,resistance-nodulation-cell division (RND) antibiotic efflux pump,387
Escherichia coli,C0004,mdtB,3000793,Perfect,100.0,100.0,1905.0,1800,3123,NODE_7_length_179166_cov_24.591,129100,132222,-,aminocoumarin antibiotic,antibiotic efflux,resistance-nodulation-cell division (RND) antibiotic efflux pump,820
Escherichia coli,C0004,mdtC,3000794,Strict,99.51,100.0,1905.0,1800,3078,NODE_7_length_179166_cov_24.591,126022,129099,-,aminocoumarin antibiotic,antibiotic efflux,resistance-nodulation-cell division (RND) antibiotic efflux pump,1315
Escherichia coli,C0004,mdtE,3000795,Perfect,100.0,100.0,722.0,675,1158,NODE_43_length_30276_cov_28.9248,23195,24352,+,macrolide antibiotic; fluoroquinolone antibiotic; penicillin beta-lactam,antibiotic efflux,resistance-nodulation-cell division (RND) antibiotic efflux pump,1903
Escherichia coli,C0004,mdtF,3000796,Strict,99.71,100.0,1929.0,1850,3114,NODE_43_length_30276_cov_28.9248,24377,27490,+,macrolide antibiotic; fluoroquinolone antibiotic; penicillin beta-lactam,antibiotic efflux,resistance-nodulation-cell division (RND) antibiotic efflux pump,121
Escherichia coli,C0004,mdtG,3001329,Perfect,100.0,100.0,777.0,700,1227,NODE_16_length_105458_cov_26.2223,85493,86719,+,phosphonic acid antibiotic,antibiotic efflux,major facilitator superfamily (MFS) antibiotic efflux pump,603
Escherichia coli,C0004,mdtH,3001216,Strict,99.75,100.0,779.0,750,1209,NODE_16_length_105458_cov_26.2223,75654,76862,+,fluoroquinolone antibiotic,antibiotic efflux,major facilitator superfamily (MFS) antibiotic efflux pump,375
Escherichia coli,C0004,mdtM,3001214,Strict,98.04,100.0,766.0,700,1233,NODE_5_length_253406_cov_27.543,220605,221837,+,fluoroquinolone antibiotic; lincosamide antibiotic; nucleoside antibiotic; phenicol antibiotic; disinfecting agents and antiseptics,antibiotic efflux,major facilitator superfamily (MFS) antibiotic efflux pump,1191
Escherichia coli,C0004,mdtN,3003548,Strict,99.71,100.0,635.0,600,1032,NODE_6_length_243415_cov_29.1947,26302,27333,-,nucleoside antibiotic; disinfecting agents and antiseptics,antibiotic efflux,major facilitator superfamily (MFS) antibiotic efflux pump,1442
Escherichia coli,C0004,mdtO,3003549,Strict,98.83,100.0,1318.0,1300,2052,NODE_6_length_243415_cov_29.1947,24251,26302,-,nucleoside antibiotic; disinfecting agents and antiseptics,antibiotic efflux,major facilitator superfamily (MFS) antibiotic efflux pump,2056
Escherichia coli,C0004,mdtP,3003550,Strict,97.95,100.0,902.0,875,1467,NODE_6_length_243415_cov_29.1947,22788,24254,-,nucleoside antibiotic; disinfecting agents and antiseptics,antibiotic efflux,major facilitator superfamily (MFS) antibiotic efflux pump,45
Escherichia coli,C0004,msbA,3003950,Perfect,100.0,100.0,1092.0,1000,1749,NODE_10_length_158828_cov_26.0119,79128,80876,+,nitroimidazole antibiotic,antibiotic efflux,ATP-binding cassette (ABC) antibiotic efflux pump,2423
Escherichia coli,C0004,rsmA,3005069,Strict,85.25,100.0,101.0,100,186,NODE_14_length_113522_cov_26.1885,80368,80553,+,fluoroquinolone antibiotic; diaminopyrimidine antibiotic; phenicol antibiotic,antibiotic efflux,resistance-nodulation-cell division (RND) antibiotic efflux pump,3807
Escherichia coli,C0004,sul2,3000412,Perfect,100.0,100.0,510.0,500,816,NODE_72_length_4336_cov_28.2074,3366,4181,+,sulfonamide antibiotic,antibiotic target replacement,sulfonamide resistant sul,952
Escherichia coli,C0004,tet(B),3000166,Strict,99.25,100.0,765.0,700,1206,NODE_35_length_41102_cov_56.8229,35693,36898,-,tetracycline antibiotic,antibiotic efflux,major facilitator superfamily (MFS) antibiotic efflux pump,458
Escherichia coli,C0004,vanG,3002909,Strict,38.23,104.3,260.0,250,1095,NODE_8_length_173800_cov_26.7387,164499,165593,+,glycopeptide antibiotic,antibiotic target alteration,glycopeptide resistance gene cluster; Van ligase,1157
Klebsiella pneumoniae,C0039,ArnT,3005053,Strict,99.27,100.0,1068.0,400,1656,NODE_9_length_227893_cov_40.2159,126155,127810,-,peptide antibiotic,antibiotic target alteration,pmr phosphoethanolamine transferase,3795
Klebsiella pneumoniae,C0039,CRP,3000518,Strict,99.05,100.0,415.0,400,633,NODE_9_length_227893_cov_40.2159,15279,15911,+,macrolide antibiotic; fluoroquinolone antibiotic; penicillin beta-lactam,antibiotic efflux,resistance-nodulation-cell division (RND) antibiotic efflux pump,869
Klebsiella pneumoniae,C0039,FosA6,3004111,Strict,99.28,100.0,285.0,280,420,NODE_5_length_361810_cov_41.0776,347024,347443,-,phosphonic acid antibiotic,antibiotic inactivation,fosfomycin thiol transferase,2779
Klebsiella pneumoniae,C0039,Klebsiella pneumoniae KpnE,3004580,Strict,99.17,100.0,213.0,150,363,NODE_10_length_220746_cov_37.3524,178911,179273,+,macrolide antibiotic; aminoglycoside antibiotic; cephalosporin; tetracycline antibiotic; peptide antibiotic; rifamycin antibiotic; disinfecting agents and antiseptics,antibiotic efflux,small multidrug resistance (SMR) antibiotic efflux pump,3283
Klebsiella pneumoniae,C0039,Klebsiella pneumoniae KpnF,3004583,Perfect,100.0,100.0,213.0,150,330,NODE_10_length_220746_cov_37.3524,179260,179589,+,macrolide antibiotic; aminoglycoside antibiotic; cephalosporin; tetracycline antibiotic; peptide antibiotic; rifamycin antibiotic; disinfecting agents and antiseptics,antibiotic efflux,small multidrug resistance (SMR) antibiotic efflux pump,3286
Klebsiella pneumoniae,C0039,Klebsiella pneumoniae KpnG,3004588,Strict,99.74,100.0,735.0,700,1173,NODE_3_length_391212_cov_40.1154,314195,315367,-,macrolide antibiotic; fluoroquinolone antibiotic; aminoglycoside antibiotic; carbapenem; cephalosporin; penicillin beta-lactam; peptide antibiotic,antibiotic efflux,major facilitator superfamily (MFS) antibiotic efflux pump,3298
Klebsiella pneumoniae,C0039,Klebsiella pneumoniae KpnH,3004597,Strict,93.36,100.0,947.0,700,1539,NODE_3_length_391212_cov_40.1154,312641,314179,-,macrolide antibiotic; fluoroquinolone antibiotic; aminoglycoside antibiotic; carbapenem; cephalosporin; penicillin beta-lactam; peptide antibiotic,antibiotic efflux,major facilitator superfamily (MFS) antibiotic efflux pump,3299
Klebsiella pneumoniae,C0039,Klebsiella pneumoniae OmpK37,3004122,Strict,94.27,102.67,726.0,700,1155,NODE_10_length_220746_cov_37.3524,41401,42555,-,monobactam; carbapenem; cephalosporin; penicillin beta-lactam,reduced permeability to antibiotic,General Bacterial Porin with reduced permeability to beta-lactams,2785
Klebsiella pneumoniae,C0039,LptD,3005059,Perfect,100.0,100.0,1602.0,1500,2349,NODE_5_length_361810_cov_41.0776,191851,194199,+,carbapenem; peptide antibiotic; aminocoumarin antibiotic; rifamycin antibiotic,antibiotic efflux,ATP-binding cassette (ABC) antibiotic efflux pump,3799
Klebsiella pneumoniae,C0039,MdtQ,3007682,Strict,99.79,100.0,915.0,900,1440,NODE_4_length_370020_cov_40.005,326454,327893,+,monobactam; carbapenem; cephalosporin; penicillin beta-lactam,reduced permeability to antibiotic,Outer Membrane Porin (Opr),6011
Klebsiella pneumoniae,C0039,OmpA,3005044,Strict,99.72,95.19,701.0,700,1071,NODE_1_length_640090_cov_39.6638,187853,188923,+,peptide antibiotic,reduced permeability to antibiotic,General Bacterial Porin with reduced permeability to peptide antibiotics,3787
Klebsiella pneumoniae,C0039,SHV-11,3001070,Perfect,100.0,100.0,552.0,550,861,NODE_10_length_220746_cov_37.3524,219620,220480,-,cephalosporin; penicillin beta-lactam,antibiotic inactivation,SHV beta-lactamase,578
Klebsiella pneumoniae,C0039,Shigella flexneri acrA,3007509,Strict,84.63,100.0,644.0,600,1194,NODE_8_length_250284_cov_40.8245,546,1739,+,fluoroquinolone antibiotic; cephalosporin; glycylcycline; penicillin beta-lactam; tetracycline antibiotic; rifamycin antibiotic; phenicol antibiotic; disinfecting agents and antiseptics,antibiotic efflux,resistance-nodulation-cell division (RND) antibiotic efflux pump,5965
Klebsiella pneumoniae,C0039,adeF,3000777,Strict,59.9,99.15,1161.0,750,3153,NODE_3_length_391212_cov_40.1154,356075,359227,-,fluoroquinolone antibiotic; tetracycline antibiotic,antibiotic efflux,resistance-nodulation-cell division (RND) antibiotic efflux pump,153
Klebsiella pneumoniae,C0039,emrR,3000516,Strict,92.57,100.0,326.0,280,531,NODE_3_length_391212_cov_40.1154,315493,316023,-,fluoroquinolone antibiotic,antibiotic efflux,major facilitator superfamily (MFS) antibiotic efflux pump,1330
Klebsiella pneumoniae,C0039,eptB,3005047,Strict,99.1,97.04,1123.0,1000,1674,NODE_9_length_227893_cov_40.2159,205058,206731,-,peptide antibiotic,antibiotic target alteration,pmr phosphoethanolamine transferase,3791
Klebsiella pneumoniae,C0039,leuO,3003843,Strict,83.44,100.64,521.0,500,951,NODE_5_length_361810_cov_41.0776,152370,153320,-,nucleoside antibiotic; disinfecting agents and antiseptics,antibiotic efflux,major facilitator superfamily (MFS) antibiotic efflux pump,5921
Klebsiella pneumoniae,C0039,marA,3000263,Strict,92.74,97.64,239.0,230,375,NODE_16_length_105171_cov_38.2686,20087,20461,-,fluoroquinolone antibiotic; monobactam; carbapenem; cephalosporin; glycylcycline; penicillin beta-lactam; tetracycline antibiotic; rifamycin antibiotic; phenicol antibiotic; disinfecting agents and antiseptics,antibiotic efflux; reduced permeability to antibiotic,resistance-nodulation-cell division (RND) antibiotic efflux pump; General Bacterial Porin with reduced permeability to beta-lactams,1922
Klebsiella pneumoniae,C0039,msbA,3003950,Strict,91.92,100.0,1016.0,1000,1749,NODE_1_length_640090_cov_39.6638,238295,240043,-,nitroimidazole antibiotic,antibiotic efflux,ATP-binding cassette (ABC) antibiotic efflux pump,2423
Klebsiella pneumoniae,C0039,oqxA,3003922,Strict,99.74,100.0,737.0,670,1176,NODE_3_length_391212_cov_40.1154,359251,360426,-,fluoroquinolone antibiotic; glycylcycline; tetracycline antibiotic; diaminopyrimidine antibiotic; nitrofuran antibiotic,antibiotic efflux,resistance-nodulation-cell division (RND) antibiotic efflux pump,2399
Klebsiella pneumoniae,C0039,rsmA,3005069,Strict,85.25,100.0,101.0,100,186,NODE_3_length_391212_cov_40.1154,304597,304782,+,fluoroquinolone antibiotic; diaminopyrimidine antibiotic; phenicol antibiotic,antibiotic efflux,resistance-nodulation-cell division (RND) antibiotic efflux pump,3807
Klebsiella pneumoniae,C0039,vanG,3002909,Strict,38.66,104.58,251.0,250,1098,NODE_8_length_250284_cov_40.8245,125198,126295,+,glycopeptide antibiotic,antibiotic target alteration,glycopeptide resistance gene cluster; Van ligase,1157
Pseudomonas aeruginosa,C0224,APH(3')-IIb,3002645,Strict,98.88,100.0,539.0,500,807,NODE_11_length_122111_cov_37.9956,107006,107812,-,aminoglycoside antibiotic,antibiotic inactivation,APH(3'),954
Pseudomonas aeruginosa,C0224,ArmR,3004056,Perfect,100.0,100.0,105.0,100,162,NODE_1_length_1576983_cov_37.4346,898201,898362,+,,antibiotic efflux,,2688
Pseudomonas aeruginosa,C0224,ArnT,3005053,Strict,41.73,99.64,429.0,400,1650,NODE_1_length_1576983_cov_37.4346,1077345,1078994,-,peptide antibiotic,antibiotic target alteration,pmr phosphoethanolamine transferase,3795
Pseudomonas aeruginosa,C0224,FosA,3000149,Perfect,100.0,100.0,285.0,200,408,NODE_3_length_503510_cov_30.6171,164943,165350,+,phosphonic acid antibiotic,antibiotic inactivation,fosfomycin thiol transferase,1222
Pseudomonas aeruginosa,C0224,MexA,3000377,Perfect,100.0,100.0,712.0,650,1152,NODE_1_length_1576983_cov_37.4346,43293,44444,+,,antibiotic efflux,,440
Pseudomonas aeruginosa,C0224,MexB,3000378,Strict,99.9,100.0,1977.0,1950,3141,NODE_1_length_1576983_cov_37.4346,44460,47600,+,,antibiotic efflux,,1925
Pseudomonas aeruginosa,C0224,MexD,3000801,Strict,95.52,100.0,1840.0,1800,3132,NODE_4_length_464527_cov_38.1809,108765,111896,+,macrolide antibiotic; fluoroquinolone antibiotic; aminoglycoside antibiotic; cephalosporin; penicillin beta-lactam; tetracycline antibiotic; aminocoumarin antibiotic; diaminopyrimidine antibiotic; phenicol antibiotic,antibiotic efflux,resistance-nodulation-cell division (RND) antibiotic efflux pump,1523
Pseudomonas aeruginosa,C0224,MexE,3000803,Perfect,100.0,100.0,780.0,750,1245,NODE_9_length_204283_cov_25.8441,47595,48839,+,fluoroquinolone antibiotic; diaminopyrimidine antibiotic; phenicol antibiotic,antibiotic efflux,resistance-nodulation-cell division (RND) antibiotic efflux pump,1067
Pseudomonas aeruginosa,C0224,MexF,3000804,Perfect,100.0,100.0,2016.0,2110,3189,NODE_9_length_204283_cov_25.8441,48861,52049,+,fluoroquinolone antibiotic; diaminopyrimidine antibiotic; phenicol antibiotic,antibiotic efflux,resistance-nodulation-cell division (RND) antibiotic efflux pump,1300
Pseudomonas aeruginosa,C0224,MexG,3000806,Perfect,100.0,100.0,278.0,260,447,NODE_18_length_90047_cov_37.7196,81973,82419,+,,antibiotic efflux,,995
Pseudomonas aeruginosa,C0224,MexH,3000807,Perfect,100.0,100.0,686.0,650,1113,NODE_18_length_90047_cov_37.7196,82427,83539,+,fluoroquinolone antibiotic; disinfecting agents and antiseptics,antibiotic efflux,resistance-nodulation-cell division (RND) antibiotic efflux pump,1344
Pseudomonas aeruginosa,C0224,MexI,3000808,Strict,99.9,100.0,1906.0,1900,3090,NODE_18_length_90047_cov_37.7196,83552,86641,+,fluoroquinolone antibiotic; disinfecting agents and antiseptics,antibiotic efflux,resistance-nodulation-cell division (RND) antibiotic efflux pump,1647
Pseudomonas aeruginosa,C0224,MexJ,3003692,Strict,99.73,100.0,691.0,690,1104,NODE_1_length_1576983_cov_37.4346,943715,944818,+,macrolide antibiotic; tetracycline antibiotic,antibiotic efflux,resistance-nodulation-cell division (RND) antibiotic efflux pump,2205
Pseudomonas aeruginosa,C0224,MexK,3003693,Perfect,100.0,100.0,1936.0,1900,3078,NODE_1_length_1576983_cov_37.4346,944823,947900,+,macrolide antibiotic; tetracycline antibiotic,antibiotic efflux,resistance-nodulation-cell division (RND) antibiotic efflux pump,2206
Pseudomonas aeruginosa,C0224,MexV,3003030,Strict,99.73,100.0,695.0,650,1131,NODE_4_length_464527_cov_38.1809,359814,360944,-,macrolide antibiotic; fluoroquinolone antibiotic; tetracycline antibiotic; phenicol antibiotic; disinfecting agents and antiseptics,antibiotic efflux,resistance-nodulation-cell division (RND) antibiotic efflux pump,2207
Pseudomonas aeruginosa,C0224,MexW,3003031,Strict,99.8,100.0,1900.0,1900,3057,NODE_4_length_464527_cov_38.1809,356707,359763,-,macrolide antibiotic; fluoroquinolone antibiotic; tetracycline antibiotic; phenicol antibiotic; disinfecting agents and antiseptics,antibiotic efflux,resistance-nodulation-cell division (RND) antibiotic efflux pump,2208
Pseudomonas aeruginosa,C0224,MuxB,3004074,Perfect,100.0,100.0,1918.0,1900,3132,NODE_9_length_204283_cov_25.8441,89735,92866,-,macrolide antibiotic; monobactam; tetracycline antibiotic; aminocoumarin antibiotic,antibiotic efflux,resistance-nodulation-cell division (RND) antibiotic efflux pump,2718
Pseudomonas aeruginosa,C0224,MuxC,3004075,Strict,99.9,100.0,1932.0,1900,3111,NODE_9_length_204283_cov_25.8441,86628,89738,-,macrolide antibiotic; monobactam; tetracycline antibiotic; aminocoumarin antibiotic,antibiotic efflux,resistance-nodulation-cell division (RND) antibiotic efflux pump,2720
Pseudomonas aeruginosa,C0224,OXA-1032,3008453,Strict,99.62,100.0,534.0,500,789,NODE_7_length_266926_cov_44.4165,153783,154571,-,penicillin beta-lactam,antibiotic inactivation,OXA beta-lactamase; OXA-50-like beta-lactamase,7871
Pseudomonas aeruginosa,C0224,OpmB,3004072,Perfect,100.0,100.0,894.0,850,1497,NODE_9_length_204283_cov_25.8441,85135,86631,-,macrolide antibiotic; monobactam; tetracycline antibiotic; aminocoumarin antibiotic,antibiotic efflux,resistance-nodulation-cell division (RND) antibiotic efflux pump,2716
Pseudomonas aeruginosa,C0224,OpmH,3003682,Strict,97.3,100.0,886.0,850,1449,NODE_2_length_930015_cov_36.9337,306288,307736,+,disinfecting agents and antiseptics,antibiotic efflux,resistance-nodulation-cell division (RND) antibiotic efflux pump,2195
Pseudomonas aeruginosa,C0224,OprJ,3000802,Strict,98.54,100.0,860.0,850,1440,NODE_4_length_464527_cov_38.1809,111902,113341,+,macrolide antibiotic; fluoroquinolone antibiotic; aminoglycoside antibiotic; cephalosporin; penicillin beta-lactam; tetracycline antibiotic; aminocoumarin antibiotic; diaminopyrimidine antibiotic; phenicol antibiotic,antibiotic efflux,resistance-nodulation-cell division (RND) antibiotic efflux pump,704
Pseudomonas aeruginosa,C0224,OprM,3000379,Perfect,100.0,100.0,824.0,850,1458,NODE_1_length_1576983_cov_37.4346,47602,49059,+,macrolide antibiotic; fluoroquinolone antibiotic; aminoglycoside antibiotic; carbapenem; cephalosporin; penicillin beta-lactam; tetracycline antibiotic; phenicol antibiotic; disinfecting agents and antiseptics,antibiotic efflux,resistance-nodulation-cell division (RND) antibiotic efflux pump,1305
Pseudomonas aeruginosa,C0224,OprN,3000805,Perfect,100.0,100.0,867.0,800,1419,NODE_9_length_204283_cov_25.8441,52046,53464,+,fluoroquinolone antibiotic; diaminopyrimidine antibiotic; phenicol antibiotic,antibiotic efflux,resistance-nodulation-cell division (RND) antibiotic efflux pump,172
Pseudomonas aeruginosa,C0224,PDC-5,3002502,Perfect,100.0,100.0,797.0,750,1194,NODE_11_length_122111_cov_37.9956,93470,94663,+,monobactam; carbapenem; cephalosporin; penicillin beta-lactam,antibiotic inactivation,PDC beta-lactamase,352
Pseudomonas aeruginosa,C0224,ParR,3005068,Strict,99.15,100.0,467.0,400,708,NODE_8_length_211688_cov_26.6337,86481,87188,+,macrolide antibiotic; fluoroquinolone antibiotic; monobactam; aminoglycoside antibiotic; carbapenem; cephalosporin; penicillin beta-lactam; tetracycline antibiotic; phenicol antibiotic; disinfecting agents and antiseptics,antibiotic efflux; reduced permeability to antibiotic,resistance-nodulation-cell division (RND) antibiotic efflux pump; Outer Membrane Porin (Opr),3806
Pseudomonas aeruginosa,C0224,ParS,3005067,Strict,99.77,100.0,822.0,800,1287,NODE_8_length_211688_cov_26.6337,87189,88475,+,macrolide antibiotic; fluoroquinolone antibiotic; monobactam; aminoglycoside antibiotic; carbapenem; cephalosporin; penicillin beta-lactam; tetracycline antibiotic; phenicol antibiotic; disinfecting agents and antiseptics,antibiotic efflux; reduced permeability to antibiotic,resistance-nodulation-cell division (RND) antibiotic efflux pump; Outer Membrane Porin (Opr),3805
Pseudomonas aeruginosa,C0224,PmpM,3004077,Perfect,100.0,100.0,927.0,900,1434,NODE_2_length_930015_cov_36.9337,741069,742502,-,fluoroquinolone antibiotic; aminoglycoside antibiotic; disinfecting agents and antiseptics,antibiotic efflux,multidrug and toxic compound extrusion (MATE) transporter,2734
Pseudomonas aeruginosa,C0224,Pseudomonas aeruginosa CpxR,3004054,Perfect,100.0,100.0,445.0,400,678,NODE_21_length_78737_cov_34.4921,17722,18399,+,macrolide antibiotic; fluoroquinolone antibiotic; monobactam; aminoglycoside antibiotic; carbapenem; cephalosporin; penicillin beta-lactam; tetracycline antibiotic; peptide antibiotic; aminocoumarin antibiotic; diaminopyrimidine antibiotic; sulfonamide antibiotic; phenicol antibiotic,antibiotic efflux,resistance-nodulation-cell division (RND) antibiotic efflux pump,2685
Pseudomonas aeruginosa,C0224,Pseudomonas aeruginosa catB7,3002679,Strict,99.06,100.0,449.0,400,639,NODE_1_length_1576983_cov_37.4346,354783,355421,-,phenicol antibiotic,antibiotic inactivation,chloramphenicol acetyltransferase (CAT),1042
Pseudomonas aeruginosa,C0224,Pseudomonas aeruginosa emrE,3004038,Perfect,100.0,100.0,195.0,170,333,NODE_2_length_930015_cov_36.9337,328290,328622,+,aminoglycoside antibiotic,antibiotic efflux,small multidrug resistance (SMR) antibiotic efflux pump,2655
Pseudomonas aeruginosa,C0224,Pseudomonas aeruginosa soxR,3004107,Perfect,100.0,100.0,307.0,200,471,NODE_6_length_275162_cov_24.3816,257213,257683,-,fluoroquinolone antibiotic; cephalosporin; glycylcycline; penicillin beta-lactam; tetracycline antibiotic; rifamycin antibiotic; phenicol antibiotic; disinfecting agents and antiseptics,antibiotic target alteration; antibiotic efflux,ATP-binding cassette (ABC) antibiotic efflux pump; major facilitator superfamily (MFS) antibiotic efflux pump; resistance-nodulation-cell division (RND) antibiotic efflux pump,2775
Pseudomonas aeruginosa,C0224,TriB,3003680,Strict,99.72,100.0,620.0,600,1071,NODE_10_length_164907_cov_42.8073,61467,62537,+,disinfecting agents and antiseptics,antibiotic efflux,resistance-nodulation-cell division (RND) antibiotic efflux pump,2193
Pseudomonas aeruginosa,C0224,TriC,3003681,Perfect,100.0,100.0,1928.0,1900,3048,NODE_10_length_164907_cov_42.8073,62534,65581,+,disinfecting agents and antiseptics,antibiotic efflux,resistance-nodulation-cell division (RND) antibiotic efflux pump,2194
Pseudomonas aeruginosa,C0224,YajC,3005040,Perfect,100.0,100.0,217.0,200,339,NODE_1_length_1576983_cov_37.4346,770764,771102,+,fluoroquinolone antibiotic; cephalosporin; glycylcycline; penicillin beta-lactam; tetracycline antibiotic; oxazolidinone antibiotic; glycopeptide antibiotic; rifamycin antibiotic; phenicol antibiotic; disinfecting agents and antiseptics,antibiotic efflux,resistance-nodulation-cell division (RND) antibiotic efflux pump,3783
Pseudomonas aeruginosa,C0224,adeF,3000777,Strict,59.58,99.91,1179.0,750,3177,NODE_5_length_356738_cov_30.315,195643,198819,+,fluoroquinolone antibiotic; tetracycline antibiotic,antibiotic efflux,resistance-nodulation-cell division (RND) antibiotic efflux pump,153
Pseudomonas aeruginosa,C0224,arnA,3002985,Strict,99.7,100.0,1344.0,1200,1989,NODE_1_length_1576983_cov_37.4346,1079875,1081863,-,peptide antibiotic,antibiotic target alteration,pmr phosphoethanolamine transferase,1643
Pseudomonas aeruginosa,C0224,basS,3003583,Perfect,100.0,100.0,914.0,900,1434,NODE_2_length_930015_cov_36.9337,88399,89832,+,peptide antibiotic,antibiotic target alteration; antibiotic efflux,pmr phosphoethanolamine transferase,249
Pseudomonas aeruginosa,C0224,bcr-1,3003801,Perfect,100.0,100.0,664.0,500,1209,NODE_18_length_90047_cov_37.7196,1518,2726,-,bicyclomycin-like antibiotic,antibiotic efflux,major facilitator superfamily (MFS) antibiotic efflux pump,2303
Pseudomonas aeruginosa,C0224,cprR,3005063,Perfect,100.0,100.0,443.0,400,672,NODE_1_length_1576983_cov_37.4346,1411678,1412349,-,peptide antibiotic,antibiotic target alteration; antibiotic efflux,pmr phosphoethanolamine transferase,3803
Pseudomonas aeruginosa,C0224,cprS,3005064,Strict,99.77,100.0,829.0,800,1296,NODE_1_length_1576983_cov_37.4346,1410386,1411681,-,peptide antibiotic,antibiotic target alteration; antibiotic efflux,pmr phosphoethanolamine transferase,3804
Pseudomonas aeruginosa,C0224,mexM,3003704,Strict,98.7,100.0,696.0,650,1158,NODE_3_length_503510_cov_30.6171,424375,425532,+,phenicol antibiotic,antibiotic efflux,resistance-nodulation-cell division (RND) antibiotic efflux pump,2216
Pseudomonas aeruginosa,C0224,mexN,3003705,Strict,99.61,100.0,1902.0,1900,3111,NODE_3_length_503510_cov_30.6171,425529,428639,+,phenicol antibiotic,antibiotic efflux,resistance-nodulation-cell division (RND) antibiotic efflux pump,2217
Pseudomonas aeruginosa,C0224,mexP,3003698,Strict,98.44,100.0,709.0,650,1158,NODE_1_length_1576983_cov_37.4346,1120083,1121240,+,macrolide antibiotic; carbapenem; tetracycline antibiotic; diaminopyrimidine antibiotic; phenicol antibiotic; disinfecting agents and antiseptics,antibiotic efflux,resistance-nodulation-cell division (RND) antibiotic efflux pump,2211
Pseudomonas aeruginosa,C0224,mexQ,3003699,Strict,99.53,100.0,1949.0,1900,3162,NODE_1_length_1576983_cov_37.4346,1121237,1124398,+,macrolide antibiotic; carbapenem; tetracycline antibiotic; diaminopyrimidine antibiotic; phenicol antibiotic; disinfecting agents and antiseptics,antibiotic efflux,resistance-nodulation-cell division (RND) antibiotic efflux pump,2212
Pseudomonas aeruginosa,C0224,opmE,3003700,Strict,99.39,100.0,909.0,850,1476,NODE_1_length_1576983_cov_37.4346,1124395,1125870,+,macrolide antibiotic; carbapenem; tetracycline antibiotic; diaminopyrimidine antibiotic; phenicol antibiotic; disinfecting agents and antiseptics,antibiotic efflux,resistance-nodulation-cell division (RND) antibiotic efflux pump,2213
Pseudomonas aeruginosa,C0224,qacJ,3007014,Strict,36.63,100.0,75.1,75,324,NODE_31_length_29763_cov_26.3163,17656,17979,-,disinfecting agents and antiseptics,antibiotic efflux,small multidrug resistance (SMR) antibiotic efflux pump,5730
Pseudomonas aeruginosa,C0224,rsmA,3005069,Perfect,100.0,100.0,115.0,100,186,NODE_1_length_1576983_cov_37.4346,565586,565771,+,fluoroquinolone antibiotic; diaminopyrimidine antibiotic; phenicol antibiotic,antibiotic efflux,resistance-nodulation-cell division (RND) antibiotic efflux pump,3807
Pseudomonas aeruginosa,C0224,vanW gene in vanG cluster,3002965,Strict,31.58,97.15,130.0,50,822,NODE_1_length_1576983_cov_37.4346,379992,380813,+,glycopeptide antibiotic,antibiotic target alteration,vanW; glycopeptide resistance gene cluster,1622
Salmonella enterica,C1745,AAC(6')-Iaa,3002571,Perfect,100.0,100.0,304.0,275,438,2,207381,207818,-,aminoglycoside antibiotic,antibiotic inactivation,AAC(6'),1526
Salmonella enterica,C1745,AAC(6')-Ib10,3002581,Strict,97.98,105.42,389.0,275,645,41,2,646,+,aminoglycoside antibiotic,antibiotic inactivation,AAC(6'),1370
Salmonella enterica,C1745,APH(3'')-Ib,3002639,Strict,99.63,100.0,549.0,500,804,27,4413,5216,+,aminoglycoside antibiotic,antibiotic inactivation,APH(3''),1830
Salmonella enterica,C1745,APH(6)-Id,3002660,Strict,99.64,100.0,561.0,500,837,27,5216,6052,+,aminoglycoside antibiotic,antibiotic inactivation,APH(6),1031
Salmonella enterica,C1745,ArnT,3005053,Strict,61.89,99.46,682.0,400,1647,7,168608,170254,-,peptide antibiotic,antibiotic target alteration,pmr phosphoethanolamine transferase,3795
Salmonella enterica,C1745,CRP,3000518,Strict,99.05,100.0,415.0,400,633,19,18744,19376,-,macrolide antibiotic; fluoroquinolone antibiotic; penicillin beta-lactam,antibiotic efflux,resistance-nodulation-cell division (RND) antibiotic efflux pump,869
Salmonella enterica,C1745,CTX-M-15,3001878,Perfect,100.0,100.0,553.0,500,876,27,10455,11330,+,cephalosporin; penicillin beta-lactam,antibiotic inactivation,CTX-M beta-lactamase,2035
Salmonella enterica,C1745,Escherichia coli acrA,3004043,Strict,91.69,100.0,686.0,670,1194,3,278033,279226,-,fluoroquinolone antibiotic; cephalosporin; glycylcycline; penicillin beta-lactam; tetracycline antibiotic; rifamycin antibiotic; phenicol antibiotic; disinfecting agents and antiseptics,antibiotic efflux,resistance-nodulation-cell division (RND) antibiotic efflux pump,2661
Salmonella enterica,C1745,Escherichia coli mdfA,3001328,Strict,87.68,100.0,700.0,700,1233,12,42554,43786,-,tetracycline antibiotic; phenicol antibiotic; disinfecting agents and antiseptics,antibiotic efflux,major facilitator superfamily (MFS) antibiotic efflux pump,37
Salmonella enterica,C1745,Klebsiella pneumoniae KpnE,3004580,Strict,76.67,100.0,168.0,150,363,2,350565,350927,-,macrolide antibiotic; aminoglycoside antibiotic; cephalosporin; tetracycline antibiotic; peptide antibiotic; rifamycin antibiotic; disinfecting agents and antiseptics,antibiotic efflux,small multidrug resistance (SMR) antibiotic efflux pump,3283
Salmonella enterica,C1745,Klebsiella pneumoniae KpnF,3004583,Strict,87.16,100.0,192.0,150,330,2,350249,350578,-,macrolide antibiotic; aminoglycoside antibiotic; cephalosporin; tetracycline antibiotic; peptide antibiotic; rifamycin antibiotic; disinfecting agents and antiseptics,antibiotic efflux,small multidrug resistance (SMR) antibiotic efflux pump,3286
Salmonella enterica,C1745,MdtK,3001327,Strict,99.79,100.0,922.0,900,1425,6,85539,86963,-,fluoroquinolone antibiotic,antibiotic efflux,multidrug and toxic compound extrusion (MATE) transporter,1752
Salmonella enterica,C1745,OXA-1,3001396,Perfect,100.0,100.0,543.0,500,831,41,777,1607,+,cephalosporin; penicillin beta-lactam,antibiotic inactivation,OXA beta-lactamase; OXA-1-like beta-lactamase,1952
Salmonella enterica,C1745,PmrF,3003578,Strict,87.74,101.55,554.0,550,984,7,173126,174109,-,peptide antibiotic,antibiotic target alteration,pmr phosphoethanolamine transferase,2014
Salmonella enterica,C1745,QnrB1,3002714,Perfect,100.0,100.0,299.0,400,645,43,683,1327,-,fluoroquinolone antibiotic,antibiotic target protection,quinolone resistance protein (qnr),975
Salmonella enterica,C1745,TEM-1,3000873,Perfect,100.0,100.0,565.0,500,861,27,6773,7633,-,monobactam; cephalosporin; penicillin beta-lactam,antibiotic inactivation,TEM beta-lactamase,355
Salmonella enterica,C1745,aadA,3002601,Strict,99.61,98.48,510.0,450,780,50,127,906,-,aminoglycoside antibiotic,antibiotic inactivation,ANT(3''),650
Salmonella enterica,C1745,bacA,3002986,Strict,97.07,100.0,514.0,500,822,1,533489,534310,-,peptide antibiotic,antibiotic target alteration,undecaprenyl pyrophosphate related proteins,1820
Salmonella enterica,C1745,catA1,3002683,Strict,100.0,99.09,462.0,400,651,51,2,652,-,phenicol antibiotic,antibiotic inactivation,chloramphenicol acetyltransferase (CAT),763
Salmonella enterica,C1745,dfrA14,3002859,Strict,99.36,103.18,325.0,300,489,31,1,489,+,diaminopyrimidine antibiotic,antibiotic target replacement,trimethoprim resistant dihydrofolate reductase dfr,1592
Salmonella enterica,C1745,emrB,3000074,Strict,95.51,100.0,963.0,900,1539,1,127618,129156,+,fluoroquinolone antibiotic,antibiotic efflux,major facilitator superfamily (MFS) antibiotic efflux pump,1847
Salmonella enterica,C1745,emrR,3000516,Strict,93.14,100.0,324.0,280,531,1,125772,126302,+,fluoroquinolone antibiotic,antibiotic efflux,major facilitator superfamily (MFS) antibiotic efflux pump,1330
Salmonella enterica,C1745,golS,3000504,Perfect,100.0,100.0,306.0,290,465,3,146473,146937,+,monobactam; carbapenem; cephalosporin; penicillin beta-lactam; phenicol antibiotic,antibiotic efflux,resistance-nodulation-cell division (RND) antibiotic efflux pump,44
Salmonella enterica,C1745,kdpE,3003841,Strict,91.96,100.0,420.0,400,678,3,510258,510935,-,aminoglycoside antibiotic,antibiotic efflux,kdpDE,2331
Salmonella enterica,C1745,leuO,3003843,Strict,86.94,100.0,560.0,500,945,8,153351,154295,-,nucleoside antibiotic; disinfecting agents and antiseptics,antibiotic efflux,major facilitator superfamily (MFS) antibiotic efflux pump,5921
Salmonella enterica,C1745,marA,3000263,Strict,95.24,100.0,245.0,230,384,2,313712,314095,+,fluoroquinolone antibiotic; monobactam; carbapenem; cephalosporin; glycylcycline; penicillin beta-lactam; tetracycline antibiotic; rifamycin antibiotic; phenicol antibiotic; disinfecting agents and antiseptics,antibiotic efflux; reduced permeability to antibiotic,resistance-nodulation-cell division (RND) antibiotic efflux pump; General Bacterial Porin with reduced permeability to beta-lactams,1922
Salmonella enterica,C1745,mdsA,3000789,Perfect,100.0,100.0,775.0,770,1227,3,142670,143896,-,monobactam; carbapenem; cephalosporin; penicillin beta-lactam; phenicol antibiotic,antibiotic efflux,resistance-nodulation-cell division (RND) antibiotic efflux pump,429
Salmonella enterica,C1745,mdsB,3000790,Perfect,100.0,100.0,1984.0,2090,3168,3,139506,142673,-,monobactam; carbapenem; cephalosporin; penicillin beta-lactam; phenicol antibiotic,antibiotic efflux,resistance-nodulation-cell division (RND) antibiotic efflux pump,1385
Salmonella enterica,C1745,msbA,3003950,Strict,96.39,100.0,1061.0,1000,1749,18,44732,46480,+,nitroimidazole antibiotic,antibiotic efflux,ATP-binding cassette (ABC) antibiotic efflux pump,2423
Salmonella enterica,C1745,rsmA,3005069,Strict,85.25,100.0,101.0,100,186,1,135602,135787,-,fluoroquinolone antibiotic; diaminopyrimidine antibiotic; phenicol antibiotic,antibiotic efflux,resistance-nodulation-cell division (RND) antibiotic efflux pump,3807
Salmonella enterica,C1745,sdiA,3000826,Perfect,100.0,100.0,488.0,470,723,14,114765,115487,-,fluoroquinolone antibiotic; cephalosporin; glycylcycline; penicillin beta-lactam; tetracycline antibiotic; rifamycin antibiotic; phenicol antibiotic; disinfecting agents and antiseptics,antibiotic efflux,resistance-nodulation-cell division (RND) antibiotic efflux pump,228
Salmonella enterica,C1745,sul2,3000412,Perfect,100.0,100.0,510.0,500,816,27,3537,4352,+,sulfonamide antibiotic,antibiotic target replacement,sulfonamide resistant sul,952
Salmonella enterica,C1745,tet(A),3000165,Strict,94.36,94.1,720.0,700,1200,34,1053,2252,-,tetracycline antibiotic,antibiotic efflux,major facilitator superfamily (MFS) antibiotic efflux pump,1808
Salmonella enterica,C1745,vanG,3002909,Strict,38.98,106.02,260.0,250,1113,3,179156,180268,-,glycopeptide antibiotic,antibiotic target alteration,glycopeptide resistance gene cluster; Van ligase,1157
