tool,convention,scope,averaging,metric,value,ci_lo,ci_hi,ci_width,n,bootstrap_draws,bootstrap_unit
CARD k-mers (61-mer),resolved,chromosome,per_class,precision,99.6743,99.5003,99.8257,0.3254,7314,2000,allele within true context (stratified)
CARD k-mers (61-mer),resolved,chromosome,per_class,recall,62.7564,61.6626,63.9048,2.2422,7314,2000,allele within true context (stratified)
CARD k-mers (61-mer),resolved,chromosome,per_class,f1,77.0199,76.1864,77.8778,1.6914,7314,2000,allele within true context (stratified)
CARD k-mers (61-mer),resolved,plasmid,per_class,precision,93.617,90.0,96.859,6.859,893,2000,allele within true context (stratified)
CARD k-mers (61-mer),resolved,plasmid,per_class,recall,19.7088,17.1333,22.2844,5.1511,893,2000,allele within true context (stratified)
CARD k-mers (61-mer),resolved,plasmid,per_class,f1,32.5624,28.9492,36.0842,7.135,893,2000,allele within true context (stratified)
CARD k-mers (61-mer),resolved,micro,micro,precision,99.4367,99.2045,99.6418,0.4373,8207,2000,allele (unstratified)
CARD k-mers (61-mer),resolved,micro,micro,recall,58.0724,57.0364,59.1568,2.1204,8207,2000,allele (unstratified)
CARD k-mers (61-mer),resolved,micro,micro,f1,73.3231,72.4724,74.1925,1.7201,8207,2000,allele (unstratified)
CARD k-mers (61-mer),resolved,macro,macro,precision,96.6456,94.8306,98.2657,3.4351,8207,2000,allele within true context (stratified)
CARD k-mers (61-mer),resolved,macro,macro,recall,41.2326,39.9209,42.6383,2.7174,8207,2000,allele within true context (stratified)
CARD k-mers (61-mer),resolved,macro,macro,f1,54.7912,53.0223,56.6027,3.5804,8207,2000,allele within true context (stratified)
CARD k-mers (61-mer),inclusive,chromosome,per_class,precision,91.1597,90.8906,91.4457,0.5551,7314,2000,allele within true context (stratified)
CARD k-mers (61-mer),inclusive,chromosome,per_class,recall,98.1269,97.8124,98.4277,0.6153,7314,2000,allele within true context (stratified)
CARD k-mers (61-mer),inclusive,chromosome,per_class,f1,94.515,94.2966,94.7272,0.4306,7314,2000,allele within true context (stratified)
CARD k-mers (61-mer),inclusive,plasmid,per_class,precision,24.7975,24.2027,25.4369,1.2342,893,2000,allele within true context (stratified)
CARD k-mers (61-mer),inclusive,plasmid,per_class,recall,95.9686,94.6249,97.2004,2.5755,893,2000,allele within true context (stratified)
CARD k-mers (61-mer),inclusive,plasmid,per_class,f1,39.4114,38.6219,40.2688,1.6469,893,2000,allele within true context (stratified)
CARD k-mers (61-mer),inclusive,micro,micro,precision,70.9153,70.3953,71.4669,1.0716,8207,2000,allele (unstratified)
CARD k-mers (61-mer),inclusive,micro,micro,recall,97.892,97.5631,98.1967,0.6336,8207,2000,allele (unstratified)
CARD k-mers (61-mer),inclusive,micro,micro,f1,82.2482,81.8519,82.6409,0.789,8207,2000,allele (unstratified)
CARD k-mers (61-mer),inclusive,macro,macro,precision,57.9786,57.6795,58.3298,0.6503,8207,2000,allele within true context (stratified)
CARD k-mers (61-mer),inclusive,macro,macro,recall,97.0478,96.3609,97.6637,1.3028,8207,2000,allele within true context (stratified)
CARD k-mers (61-mer),inclusive,macro,macro,f1,66.9632,66.5626,67.3983,0.8357,8207,2000,allele within true context (stratified)
