tool,tool_key,level,averaging,metric,value,ci_lo,ci_hi,ci_width,n,bootstrap_draws,bootstrap_unit
CARD k-mers (61-mer),card_kmers_61,species,micro,precision,97.3845,97.2767,97.4995,0.2228,103389,2000,allele (unstratified)
CARD k-mers (61-mer),card_kmers_61,species,micro,recall,75.3407,75.0824,75.6096,0.5272,103389,2000,allele (unstratified)
CARD k-mers (61-mer),card_kmers_61,species,micro,f1,84.956,84.7762,85.1441,0.3679,103389,2000,allele (unstratified)
CARD k-mers (61-mer),card_kmers_61,species,micro,precision_lenient,98.3684,98.2848,98.46,0.1752,103389,2000,allele (unstratified)
CARD k-mers (61-mer),card_kmers_61,species,micro,f1_lenient,85.3282,85.1535,85.5119,0.3584,103389,2000,allele (unstratified)
CARD k-mers (61-mer),card_kmers_61,genus,micro,precision,98.4297,98.3499,98.5184,0.1685,103389,2000,allele (unstratified)
CARD k-mers (61-mer),card_kmers_61,genus,micro,recall,78.3304,78.0847,78.579,0.4943,103389,2000,allele (unstratified)
CARD k-mers (61-mer),card_kmers_61,genus,micro,f1,87.2373,87.0751,87.4043,0.3292,103389,2000,allele (unstratified)
CARD k-mers (61-mer),card_kmers_61,species,macro,precision,82.4347,79.9988,82.5176,2.5188,103389,2000,allele within species (stratified)
CARD k-mers (61-mer),card_kmers_61,species,macro,recall,64.2762,63.2535,65.2916,2.0381,103389,2000,allele within species (stratified)
CARD k-mers (61-mer),card_kmers_61,species,macro,f1,70.6656,69.1335,71.1648,2.0313,103389,2000,allele within species (stratified)
CARD k-mers (61-mer),card_kmers_61,genus,macro,precision,82.9761,79.8072,83.7479,3.9407,103389,2000,allele within species (stratified)
CARD k-mers (61-mer),card_kmers_61,genus,macro,recall,69.4852,67.7669,71.2092,3.4423,103389,2000,allele within species (stratified)
CARD k-mers (61-mer),card_kmers_61,genus,macro,f1,74.4221,72.3483,75.6735,3.3252,103389,2000,allele within species (stratified)
Kraken2 (CARD),kraken2_card,species,micro,precision,86.3611,86.1394,86.5796,0.4402,103389,2000,allele (unstratified)
Kraken2 (CARD),kraken2_card,species,micro,recall,78.8333,78.5808,79.0771,0.4963,103389,2000,allele (unstratified)
Kraken2 (CARD),kraken2_card,species,micro,f1,82.4257,82.2049,82.6413,0.4364,103389,2000,allele (unstratified)
Kraken2 (CARD),kraken2_card,species,micro,precision_lenient,88.6039,88.4036,88.8108,0.4072,103389,2000,allele (unstratified)
Kraken2 (CARD),kraken2_card,species,micro,f1_lenient,83.4336,83.2159,83.6423,0.4264,103389,2000,allele (unstratified)
Kraken2 (CARD),kraken2_card,genus,micro,precision,89.0874,88.896,89.2853,0.3893,103389,2000,allele (unstratified)
Kraken2 (CARD),kraken2_card,genus,micro,recall,82.7748,82.5465,83.0088,0.4623,103389,2000,allele (unstratified)
Kraken2 (CARD),kraken2_card,genus,micro,f1,85.8151,85.6138,86.0225,0.4087,103389,2000,allele (unstratified)
Kraken2 (CARD),kraken2_card,species,macro,precision,79.498,77.6473,80.0052,2.3579,103389,2000,allele within species (stratified)
Kraken2 (CARD),kraken2_card,species,macro,recall,70.6992,69.7146,71.6907,1.9761,103389,2000,allele within species (stratified)
Kraken2 (CARD),kraken2_card,species,macro,f1,73.3195,71.9884,73.9744,1.986,103389,2000,allele within species (stratified)
Kraken2 (CARD),kraken2_card,genus,macro,precision,79.8877,77.1604,81.1137,3.9533,103389,2000,allele within species (stratified)
Kraken2 (CARD),kraken2_card,genus,macro,recall,71.5382,69.9751,73.1728,3.1977,103389,2000,allele within species (stratified)
Kraken2 (CARD),kraken2_card,genus,macro,f1,74.3644,72.4163,75.7484,3.3321,103389,2000,allele within species (stratified)
Kraken2 (default),kraken2_default,species,micro,precision,77.4869,77.2147,77.7706,0.5559,103389,2000,allele (unstratified)
Kraken2 (default),kraken2_default,species,micro,recall,64.5833,64.2882,64.8812,0.593,103389,2000,allele (unstratified)
Kraken2 (default),kraken2_default,species,micro,f1,70.4491,70.1841,70.7337,0.5496,103389,2000,allele (unstratified)
Kraken2 (default),kraken2_default,species,micro,precision_lenient,81.5367,81.2735,81.801,0.5275,103389,2000,allele (unstratified)
Kraken2 (default),kraken2_default,species,micro,f1_lenient,72.0765,71.8122,72.3502,0.538,103389,2000,allele (unstratified)
Kraken2 (default),kraken2_default,genus,micro,precision,84.1293,83.8908,84.3597,0.4689,103389,2000,allele (unstratified)
Kraken2 (default),kraken2_default,genus,micro,recall,77.5228,77.2645,77.783,0.5185,103389,2000,allele (unstratified)
Kraken2 (default),kraken2_default,genus,micro,f1,80.691,80.4514,80.9255,0.4741,103389,2000,allele (unstratified)
Kraken2 (default),kraken2_default,species,macro,precision,81.4715,79.276,81.7346,2.4586,103389,2000,allele within species (stratified)
Kraken2 (default),kraken2_default,species,macro,recall,67.3925,66.5101,68.2984,1.7883,103389,2000,allele within species (stratified)
Kraken2 (default),kraken2_default,species,macro,f1,70.7853,69.5692,71.3862,1.817,103389,2000,allele within species (stratified)
Kraken2 (default),kraken2_default,genus,macro,precision,82.419,79.8998,83.7012,3.8014,103389,2000,allele within species (stratified)
Kraken2 (default),kraken2_default,genus,macro,recall,76.9204,75.4971,78.2644,2.7673,103389,2000,allele within species (stratified)
Kraken2 (default),kraken2_default,genus,macro,f1,77.4071,75.7948,78.5859,2.7911,103389,2000,allele within species (stratified)
CLARK,clark,species,micro,precision,91.8894,91.6759,92.1002,0.4243,103389,2000,allele (unstratified)
CLARK,clark,species,micro,recall,60.5983,60.3014,60.9156,0.6142,103389,2000,allele (unstratified)
CLARK,clark,species,micro,f1,73.0333,72.7814,73.2965,0.5151,103389,2000,allele (unstratified)
CLARK,clark,species,micro,precision_lenient,96.7598,96.6237,96.8953,0.2716,103389,2000,allele (unstratified)
CLARK,clark,species,micro,f1_lenient,74.5241,74.2827,74.7739,0.4912,103389,2000,allele (unstratified)
CLARK,clark,genus,micro,precision,96.9229,96.7951,97.0514,0.2563,103389,2000,allele (unstratified)
CLARK,clark,genus,micro,recall,63.9178,63.618,64.2225,0.6045,103389,2000,allele (unstratified)
CLARK,clark,genus,micro,f1,77.034,76.8031,77.2732,0.4701,103389,2000,allele (unstratified)
CLARK,clark,species,macro,precision,82.606,80.5893,83.1119,2.5226,103389,2000,allele within species (stratified)
CLARK,clark,species,macro,recall,65.6588,64.7539,66.6185,1.8646,103389,2000,allele within species (stratified)
CLARK,clark,species,macro,f1,70.7618,69.5534,71.4464,1.893,103389,2000,allele within species (stratified)
CLARK,clark,genus,macro,precision,76.6449,74.4385,78.4622,4.0237,103389,2000,allele within species (stratified)
CLARK,clark,genus,macro,recall,67.4734,65.9247,69.1048,3.1801,103389,2000,allele within species (stratified)
CLARK,clark,genus,macro,f1,69.3659,67.6781,70.8551,3.177,103389,2000,allele within species (stratified)
