pathogen,genomic_type,n,correct_species,genus_only,wrong_species_right_genus,erroneous,unclassified,rejected,recall,precision,unclassified_pct,abstained_pct,erroneous_pct,estimator
Achromobacter insolitus,chromosome,11,11,0,0,0,0,0,100.0,100.0,0.0,0.0,0.0,point estimate on test set (no resampling)
Achromobacter insolitus,contig (WGS),14,13,0,0,0,1,0,92.8571,100.0,7.1429,7.1429,0.0,point estimate on test set (no resampling)
Achromobacter xylosoxidans,chromosome,53,44,3,0,0,6,0,83.0189,100.0,11.3208,16.9811,0.0,point estimate on test set (no resampling)
Achromobacter xylosoxidans,contig (WGS),190,167,5,0,2,16,0,87.8947,98.8166,8.4211,11.0526,1.0526,point estimate on test set (no resampling)
Acinetobacter baumannii,chromosome,577,525,18,1,3,30,0,90.9879,99.2439,5.1993,8.3189,0.5199,point estimate on test set (no resampling)
Acinetobacter baumannii,contig (WGS),3175,2414,58,21,57,613,12,76.0315,96.87,19.3071,21.5118,1.7953,point estimate on test set (no resampling)
Acinetobacter baumannii,plasmid,35,10,0,0,1,24,0,28.5714,90.9091,68.5714,68.5714,2.8571,point estimate on test set (no resampling)
Acinetobacter calcoaceticus,chromosome,15,10,5,0,0,0,0,66.6667,100.0,0.0,33.3333,0.0,point estimate on test set (no resampling)
Acinetobacter calcoaceticus,contig (WGS),59,36,21,2,0,0,0,61.0169,94.7368,0.0,35.5932,0.0,point estimate on test set (no resampling)
Acinetobacter haemolyticus,chromosome,5,5,0,0,0,0,0,100.0,100.0,0.0,0.0,0.0,point estimate on test set (no resampling)
Acinetobacter haemolyticus,contig (WGS),11,9,0,0,0,2,0,81.8182,100.0,18.1818,18.1818,0.0,point estimate on test set (no resampling)
Acinetobacter haemolyticus,plasmid,3,0,0,0,1,2,0,0.0,0.0,66.6667,66.6667,33.3333,point estimate on test set (no resampling)
Acinetobacter indicus,chromosome,3,0,0,0,0,3,0,0.0,,100.0,100.0,0.0,point estimate on test set (no resampling)
Acinetobacter indicus,contig (WGS),6,1,0,0,1,4,0,16.6667,50.0,66.6667,66.6667,16.6667,point estimate on test set (no resampling)
Acinetobacter indicus,plasmid,4,0,0,0,0,4,0,0.0,,100.0,100.0,0.0,point estimate on test set (no resampling)
Acinetobacter johnsonii,chromosome,13,12,0,0,0,1,0,92.3077,100.0,7.6923,7.6923,0.0,point estimate on test set (no resampling)
Acinetobacter johnsonii,contig (WGS),12,9,0,1,0,2,0,75.0,90.0,16.6667,16.6667,0.0,point estimate on test set (no resampling)
Acinetobacter johnsonii,plasmid,1,0,0,0,0,1,0,0.0,,100.0,100.0,0.0,point estimate on test set (no resampling)
Acinetobacter junii,chromosome,6,5,0,0,0,1,0,83.3333,100.0,16.6667,16.6667,0.0,point estimate on test set (no resampling)
Acinetobacter junii,contig (WGS),3,2,0,0,0,1,0,66.6667,100.0,33.3333,33.3333,0.0,point estimate on test set (no resampling)
Acinetobacter junii,plasmid,1,0,0,0,0,1,0,0.0,,100.0,100.0,0.0,point estimate on test set (no resampling)
Acinetobacter lwoffii,chromosome,10,9,0,0,0,1,0,90.0,100.0,10.0,10.0,0.0,point estimate on test set (no resampling)
Acinetobacter lwoffii,contig (WGS),9,6,0,0,0,3,0,66.6667,100.0,33.3333,33.3333,0.0,point estimate on test set (no resampling)
Acinetobacter nosocomialis,chromosome,50,42,8,0,0,0,0,84.0,100.0,0.0,16.0,0.0,point estimate on test set (no resampling)
Acinetobacter nosocomialis,contig (WGS),160,127,24,0,1,7,1,79.375,99.2188,4.375,20.0,0.625,point estimate on test set (no resampling)
Acinetobacter nosocomialis,plasmid,1,0,0,0,1,0,0,0.0,0.0,0.0,0.0,100.0,point estimate on test set (no resampling)
Acinetobacter pittii,chromosome,69,59,10,0,0,0,0,85.5072,100.0,0.0,14.4928,0.0,point estimate on test set (no resampling)
Acinetobacter pittii,contig (WGS),337,240,75,9,3,10,0,71.2166,95.2381,2.9674,25.2226,0.8902,point estimate on test set (no resampling)
Acinetobacter pittii,plasmid,4,0,0,1,0,3,0,0.0,0.0,75.0,75.0,0.0,point estimate on test set (no resampling)
Acinetobacter radioresistens,chromosome,2,2,0,0,0,0,0,100.0,100.0,0.0,0.0,0.0,point estimate on test set (no resampling)
Acinetobacter radioresistens,contig (WGS),13,7,0,2,1,3,0,53.8462,70.0,23.0769,23.0769,7.6923,point estimate on test set (no resampling)
Acinetobacter towneri,contig (WGS),1,0,0,0,0,1,0,0.0,,100.0,100.0,0.0,point estimate on test set (no resampling)
Acinetobacter towneri,plasmid,3,0,0,1,1,1,0,0.0,0.0,33.3333,33.3333,33.3333,point estimate on test set (no resampling)
Acinetobacter wuhouensis,contig (WGS),1,0,0,0,1,0,0,0.0,0.0,0.0,0.0,100.0,point estimate on test set (no resampling)
Acinetobacter wuhouensis,plasmid,2,0,0,1,0,1,0,0.0,0.0,50.0,50.0,0.0,point estimate on test set (no resampling)
Actinobacillus indolicus,chromosome,2,0,0,0,1,1,0,0.0,0.0,50.0,50.0,50.0,point estimate on test set (no resampling)
Actinobacillus pleuropneumoniae,chromosome,21,18,0,0,2,1,0,85.7143,90.0,4.7619,4.7619,9.5238,point estimate on test set (no resampling)
Actinobacillus pleuropneumoniae,contig (WGS),6,4,0,0,1,1,0,66.6667,80.0,16.6667,16.6667,16.6667,point estimate on test set (no resampling)
Actinobacillus pleuropneumoniae,plasmid,2,0,0,0,2,0,0,0.0,0.0,0.0,0.0,100.0,point estimate on test set (no resampling)
Actinobacillus porcitonsillarum,chromosome,1,0,1,0,0,0,0,0.0,,0.0,100.0,0.0,point estimate on test set (no resampling)
Aeromonas caviae,chromosome,52,43,4,0,3,2,0,82.6923,93.4783,3.8462,11.5385,5.7692,point estimate on test set (no resampling)
Aeromonas caviae,contig (WGS),100,74,5,1,0,20,0,74.0,98.6667,20.0,25.0,0.0,point estimate on test set (no resampling)
Aeromonas caviae,plasmid,3,0,0,0,1,2,0,0.0,0.0,66.6667,66.6667,33.3333,point estimate on test set (no resampling)
Aeromonas enteropelogenes,chromosome,8,7,1,0,0,0,0,87.5,100.0,0.0,12.5,0.0,point estimate on test set (no resampling)
Aeromonas enteropelogenes,contig (WGS),6,6,0,0,0,0,0,100.0,100.0,0.0,0.0,0.0,point estimate on test set (no resampling)
Aeromonas hydrophila,chromosome,73,56,13,2,0,2,0,76.7123,96.5517,2.7397,20.5479,0.0,point estimate on test set (no resampling)
Aeromonas hydrophila,contig (WGS),114,90,19,0,1,4,0,78.9474,98.9011,3.5088,20.1754,0.8772,point estimate on test set (no resampling)
Aeromonas veronii,chromosome,64,50,10,0,0,4,0,78.125,100.0,6.25,21.875,0.0,point estimate on test set (no resampling)
Aeromonas veronii,contig (WGS),213,186,22,0,0,5,0,87.3239,100.0,2.3474,12.6761,0.0,point estimate on test set (no resampling)
Aeromonas veronii,plasmid,7,0,1,0,0,6,0,0.0,,85.7143,100.0,0.0,point estimate on test set (no resampling)
Aggregatibacter actinomycetemcomitans,chromosome,8,8,0,0,0,0,0,100.0,100.0,0.0,0.0,0.0,point estimate on test set (no resampling)
Aggregatibacter actinomycetemcomitans,contig (WGS),33,33,0,0,0,0,0,100.0,100.0,0.0,0.0,0.0,point estimate on test set (no resampling)
Alcaligenes faecalis,chromosome,14,12,0,0,1,1,0,85.7143,92.3077,7.1429,7.1429,7.1429,point estimate on test set (no resampling)
Alcaligenes faecalis,contig (WGS),8,7,0,0,0,1,0,87.5,100.0,12.5,12.5,0.0,point estimate on test set (no resampling)
Aliarcobacter butzleri,chromosome,4,4,0,0,0,0,0,100.0,100.0,0.0,0.0,0.0,point estimate on test set (no resampling)
Aliarcobacter butzleri,contig (WGS),35,35,0,0,0,0,0,100.0,100.0,0.0,0.0,0.0,point estimate on test set (no resampling)
Anaerostipes hadrus,chromosome,1,1,0,0,0,0,0,100.0,100.0,0.0,0.0,0.0,point estimate on test set (no resampling)
Anaerostipes hadrus,contig (WGS),15,14,0,0,0,1,0,93.3333,100.0,6.6667,6.6667,0.0,point estimate on test set (no resampling)
Avibacterium paragallinarum,chromosome,3,2,0,0,0,1,0,66.6667,100.0,33.3333,33.3333,0.0,point estimate on test set (no resampling)
Avibacterium paragallinarum,contig (WGS),13,7,0,0,0,6,0,53.8462,100.0,46.1538,46.1538,0.0,point estimate on test set (no resampling)
Bacillus amyloliquefaciens,chromosome,14,9,1,2,0,2,0,64.2857,81.8182,14.2857,21.4286,0.0,point estimate on test set (no resampling)
Bacillus amyloliquefaciens,contig (WGS),20,6,0,9,0,5,0,30.0,40.0,25.0,25.0,0.0,point estimate on test set (no resampling)
Bacillus anthracis,chromosome,7,4,1,2,0,0,0,57.1429,66.6667,0.0,14.2857,0.0,point estimate on test set (no resampling)
Bacillus anthracis,contig (WGS),16,5,3,6,0,1,1,31.25,45.4545,6.25,31.25,0.0,point estimate on test set (no resampling)
Bacillus cereus,chromosome,72,41,9,7,1,14,0,56.9444,83.6735,19.4444,31.9444,1.3889,point estimate on test set (no resampling)
Bacillus cereus,contig (WGS),555,362,90,32,0,71,0,65.2252,91.8782,12.7928,29.009,0.0,point estimate on test set (no resampling)
Bacillus cereus,plasmid,13,5,4,0,0,4,0,38.4615,100.0,30.7692,61.5385,0.0,point estimate on test set (no resampling)
Bacillus halotolerans,chromosome,13,12,1,0,0,0,0,92.3077,100.0,0.0,7.6923,0.0,point estimate on test set (no resampling)
Bacillus halotolerans,contig (WGS),37,36,1,0,0,0,0,97.2973,100.0,0.0,2.7027,0.0,point estimate on test set (no resampling)
Bacillus pumilus,chromosome,17,16,0,0,0,1,0,94.1176,100.0,5.8824,5.8824,0.0,point estimate on test set (no resampling)
Bacillus pumilus,contig (WGS),42,37,0,0,0,5,0,88.0952,100.0,11.9048,11.9048,0.0,point estimate on test set (no resampling)
Bacillus subtilis,chromosome,240,234,1,2,0,3,0,97.5,99.1525,1.25,1.6667,0.0,point estimate on test set (no resampling)
Bacillus subtilis,contig (WGS),318,303,6,0,3,6,0,95.283,99.0196,1.8868,3.7736,0.9434,point estimate on test set (no resampling)
Bacillus tequilensis,chromosome,2,0,1,1,0,0,0,0.0,0.0,0.0,50.0,0.0,point estimate on test set (no resampling)
Bacillus tequilensis,contig (WGS),9,8,0,1,0,0,0,88.8889,88.8889,0.0,0.0,0.0,point estimate on test set (no resampling)
Bacillus thuringiensis,chromosome,37,14,6,9,0,8,0,37.8378,60.8696,21.6216,37.8378,0.0,point estimate on test set (no resampling)
Bacillus thuringiensis,contig (WGS),222,82,31,57,3,49,0,36.9369,57.7465,22.0721,36.036,1.3514,point estimate on test set (no resampling)
Bacillus thuringiensis,plasmid,1,1,0,0,0,0,0,100.0,100.0,0.0,0.0,0.0,point estimate on test set (no resampling)
Bacillus velezensis,chromosome,72,57,5,1,0,9,0,79.1667,98.2759,12.5,19.4444,0.0,point estimate on test set (no resampling)
Bacillus velezensis,contig (WGS),47,24,5,4,3,11,0,51.0638,77.4194,23.4043,34.0426,6.383,point estimate on test set (no resampling)
Bacteroides caccae,chromosome,2,2,0,0,0,0,0,100.0,100.0,0.0,0.0,0.0,point estimate on test set (no resampling)
Bacteroides caccae,contig (WGS),14,10,0,1,0,3,0,71.4286,90.9091,21.4286,21.4286,0.0,point estimate on test set (no resampling)
Bacteroides fragilis,chromosome,19,14,0,0,2,3,0,73.6842,87.5,15.7895,15.7895,10.5263,point estimate on test set (no resampling)
Bacteroides fragilis,contig (WGS),119,76,0,1,0,42,0,63.8655,98.7013,35.2941,35.2941,0.0,point estimate on test set (no resampling)
Bacteroides fragilis,plasmid,1,0,0,0,0,1,0,0.0,,100.0,100.0,0.0,point estimate on test set (no resampling)
Bacteroides ovatus,chromosome,3,3,0,0,0,0,0,100.0,100.0,0.0,0.0,0.0,point estimate on test set (no resampling)
Bacteroides ovatus,contig (WGS),33,15,0,2,2,13,1,45.4545,78.9474,39.3939,42.4242,6.0606,point estimate on test set (no resampling)
Bacteroides thetaiotaomicron,chromosome,7,6,0,0,0,1,0,85.7143,100.0,14.2857,14.2857,0.0,point estimate on test set (no resampling)
Bacteroides thetaiotaomicron,contig (WGS),55,19,0,3,3,30,0,34.5455,76.0,54.5455,54.5455,5.4545,point estimate on test set (no resampling)
Bifidobacterium animalis,chromosome,2,2,0,0,0,0,0,100.0,100.0,0.0,0.0,0.0,point estimate on test set (no resampling)
Bifidobacterium animalis,contig (WGS),7,5,0,0,1,1,0,71.4286,83.3333,14.2857,14.2857,14.2857,point estimate on test set (no resampling)
Bifidobacterium bifidum,chromosome,7,7,0,0,0,0,0,100.0,100.0,0.0,0.0,0.0,point estimate on test set (no resampling)
Bifidobacterium bifidum,contig (WGS),36,30,0,0,0,6,0,83.3333,100.0,16.6667,16.6667,0.0,point estimate on test set (no resampling)
Bifidobacterium breve,chromosome,14,12,0,1,0,1,0,85.7143,92.3077,7.1429,7.1429,0.0,point estimate on test set (no resampling)
Bifidobacterium breve,contig (WGS),20,12,1,1,1,5,0,60.0,85.7143,25.0,30.0,5.0,point estimate on test set (no resampling)
Bifidobacterium dentium,chromosome,1,1,0,0,0,0,0,100.0,100.0,0.0,0.0,0.0,point estimate on test set (no resampling)
Bifidobacterium dentium,contig (WGS),7,7,0,0,0,0,0,100.0,100.0,0.0,0.0,0.0,point estimate on test set (no resampling)
Bifidobacterium longum,chromosome,25,18,1,0,1,5,0,72.0,94.7368,20.0,24.0,4.0,point estimate on test set (no resampling)
Bifidobacterium longum,contig (WGS),117,95,2,1,4,15,0,81.1966,95.0,12.8205,14.5299,3.4188,point estimate on test set (no resampling)
Bifidobacterium thermophilum,contig (WGS),1,1,0,0,0,0,0,100.0,100.0,0.0,0.0,0.0,point estimate on test set (no resampling)
Blautia producta,contig (WGS),5,1,0,0,1,2,1,20.0,50.0,40.0,60.0,20.0,point estimate on test set (no resampling)
Bordetella bronchiseptica,chromosome,11,10,0,1,0,0,0,90.9091,90.9091,0.0,0.0,0.0,point estimate on test set (no resampling)
Bordetella bronchiseptica,contig (WGS),16,11,0,1,1,3,0,68.75,84.6154,18.75,18.75,6.25,point estimate on test set (no resampling)
Bordetella hinzii,chromosome,10,10,0,0,0,0,0,100.0,100.0,0.0,0.0,0.0,point estimate on test set (no resampling)
Bordetella hinzii,contig (WGS),4,4,0,0,0,0,0,100.0,100.0,0.0,0.0,0.0,point estimate on test set (no resampling)
Bordetella holmesii,chromosome,1,0,0,1,0,0,0,0.0,0.0,0.0,0.0,0.0,point estimate on test set (no resampling)
Bordetella parapertussis,chromosome,1,0,0,1,0,0,0,0.0,0.0,0.0,0.0,0.0,point estimate on test set (no resampling)
Bordetella pertussis,chromosome,1,1,0,0,0,0,0,100.0,100.0,0.0,0.0,0.0,point estimate on test set (no resampling)
Bordetella pertussis,contig (WGS),1,1,0,0,0,0,0,100.0,100.0,0.0,0.0,0.0,point estimate on test set (no resampling)
Bordetella petrii,chromosome,1,1,0,0,0,0,0,100.0,100.0,0.0,0.0,0.0,point estimate on test set (no resampling)
Bordetella petrii,contig (WGS),4,0,0,0,0,3,1,0.0,,75.0,100.0,0.0,point estimate on test set (no resampling)
Bordetella trematum,chromosome,7,6,0,0,1,0,0,85.7143,85.7143,0.0,0.0,14.2857,point estimate on test set (no resampling)
Bordetella trematum,contig (WGS),6,6,0,0,0,0,0,100.0,100.0,0.0,0.0,0.0,point estimate on test set (no resampling)
Brachyspira pilosicoli,chromosome,1,1,0,0,0,0,0,100.0,100.0,0.0,0.0,0.0,point estimate on test set (no resampling)
Brevibacillus brevis,chromosome,17,16,0,0,0,1,0,94.1176,100.0,5.8824,5.8824,0.0,point estimate on test set (no resampling)
Brevibacillus brevis,contig (WGS),14,14,0,0,0,0,0,100.0,100.0,0.0,0.0,0.0,point estimate on test set (no resampling)
Brevibacillus laterosporus,chromosome,6,5,0,0,0,1,0,83.3333,100.0,16.6667,16.6667,0.0,point estimate on test set (no resampling)
Brevibacillus laterosporus,contig (WGS),13,13,0,0,0,0,0,100.0,100.0,0.0,0.0,0.0,point estimate on test set (no resampling)
Brucella abortus,chromosome,4,2,0,0,0,2,0,50.0,100.0,50.0,50.0,0.0,point estimate on test set (no resampling)
Brucella abortus,contig (WGS),9,5,0,1,0,3,0,55.5556,83.3333,33.3333,33.3333,0.0,point estimate on test set (no resampling)
Brucella canis,chromosome,3,1,0,1,0,1,0,33.3333,50.0,33.3333,33.3333,0.0,point estimate on test set (no resampling)
Brucella inopinata,chromosome,1,1,0,0,0,0,0,100.0,100.0,0.0,0.0,0.0,point estimate on test set (no resampling)
Brucella inopinata,contig (WGS),1,0,1,0,0,0,0,0.0,,0.0,100.0,0.0,point estimate on test set (no resampling)
Brucella intermedia,chromosome,1,1,0,0,0,0,0,100.0,100.0,0.0,0.0,0.0,point estimate on test set (no resampling)
Brucella intermedia,contig (WGS),11,11,0,0,0,0,0,100.0,100.0,0.0,0.0,0.0,point estimate on test set (no resampling)
Brucella melitensis,chromosome,8,8,0,0,0,0,0,100.0,100.0,0.0,0.0,0.0,point estimate on test set (no resampling)
Brucella melitensis,contig (WGS),9,9,0,0,0,0,0,100.0,100.0,0.0,0.0,0.0,point estimate on test set (no resampling)
Brucella ovis,chromosome,1,0,0,1,0,0,0,0.0,0.0,0.0,0.0,0.0,point estimate on test set (no resampling)
Brucella suis,chromosome,2,2,0,0,0,0,0,100.0,100.0,0.0,0.0,0.0,point estimate on test set (no resampling)
Brucella suis,contig (WGS),5,4,0,0,0,1,0,80.0,100.0,20.0,20.0,0.0,point estimate on test set (no resampling)
Burkholderia ambifaria,chromosome,12,10,2,0,0,0,0,83.3333,100.0,0.0,16.6667,0.0,point estimate on test set (no resampling)
Burkholderia ambifaria,contig (WGS),58,45,12,1,0,0,0,77.5862,97.8261,0.0,20.6897,0.0,point estimate on test set (no resampling)
Burkholderia cenocepacia,chromosome,58,48,8,0,0,2,0,82.7586,100.0,3.4483,17.2414,0.0,point estimate on test set (no resampling)
Burkholderia cenocepacia,contig (WGS),170,139,29,0,1,1,0,81.7647,99.2857,0.5882,17.6471,0.5882,point estimate on test set (no resampling)
Burkholderia cenocepacia,plasmid,5,3,2,0,0,0,0,60.0,100.0,0.0,40.0,0.0,point estimate on test set (no resampling)
Burkholderia cepacia,chromosome,26,14,7,5,0,0,0,53.8462,73.6842,0.0,26.9231,0.0,point estimate on test set (no resampling)
Burkholderia cepacia,contig (WGS),254,200,46,4,2,2,0,78.7402,97.0874,0.7874,18.8976,0.7874,point estimate on test set (no resampling)
Burkholderia contaminans,chromosome,11,10,1,0,0,0,0,90.9091,100.0,0.0,9.0909,0.0,point estimate on test set (no resampling)
Burkholderia contaminans,contig (WGS),56,32,20,0,1,3,0,57.1429,96.9697,5.3571,41.0714,1.7857,point estimate on test set (no resampling)
Burkholderia dolosa,chromosome,2,2,0,0,0,0,0,100.0,100.0,0.0,0.0,0.0,point estimate on test set (no resampling)
Burkholderia dolosa,contig (WGS),10,6,4,0,0,0,0,60.0,100.0,0.0,40.0,0.0,point estimate on test set (no resampling)
Burkholderia glumae,chromosome,5,4,1,0,0,0,0,80.0,100.0,0.0,20.0,0.0,point estimate on test set (no resampling)
Burkholderia glumae,contig (WGS),1,1,0,0,0,0,0,100.0,100.0,0.0,0.0,0.0,point estimate on test set (no resampling)
Burkholderia lata,chromosome,3,1,2,0,0,0,0,33.3333,100.0,0.0,66.6667,0.0,point estimate on test set (no resampling)
Burkholderia lata,contig (WGS),37,11,22,1,0,3,0,29.7297,91.6667,8.1081,67.5676,0.0,point estimate on test set (no resampling)
Burkholderia mallei,chromosome,3,2,1,0,0,0,0,66.6667,100.0,0.0,33.3333,0.0,point estimate on test set (no resampling)
Burkholderia mallei,contig (WGS),3,1,0,0,0,2,0,33.3333,100.0,66.6667,66.6667,0.0,point estimate on test set (no resampling)
Burkholderia multivorans,chromosome,45,42,3,0,0,0,0,93.3333,100.0,0.0,6.6667,0.0,point estimate on test set (no resampling)
Burkholderia multivorans,contig (WGS),174,158,14,0,1,1,0,90.8046,99.3711,0.5747,8.6207,0.5747,point estimate on test set (no resampling)
Burkholderia oklahomensis,chromosome,3,3,0,0,0,0,0,100.0,100.0,0.0,0.0,0.0,point estimate on test set (no resampling)
Burkholderia oklahomensis,contig (WGS),1,1,0,0,0,0,0,100.0,100.0,0.0,0.0,0.0,point estimate on test set (no resampling)
Burkholderia pseudomallei,chromosome,78,78,0,0,0,0,0,100.0,100.0,0.0,0.0,0.0,point estimate on test set (no resampling)
Burkholderia pseudomallei,contig (WGS),224,210,3,0,4,7,0,93.75,98.1308,3.125,4.4643,1.7857,point estimate on test set (no resampling)
Burkholderia thailandensis,chromosome,12,8,4,0,0,0,0,66.6667,100.0,0.0,33.3333,0.0,point estimate on test set (no resampling)
Burkholderia thailandensis,contig (WGS),6,5,1,0,0,0,0,83.3333,100.0,0.0,16.6667,0.0,point estimate on test set (no resampling)
Burkholderia vietnamiensis,chromosome,10,10,0,0,0,0,0,100.0,100.0,0.0,0.0,0.0,point estimate on test set (no resampling)
Burkholderia vietnamiensis,contig (WGS),59,54,5,0,0,0,0,91.5254,100.0,0.0,8.4746,0.0,point estimate on test set (no resampling)
Campylobacter coli,chromosome,25,13,2,0,0,9,1,52.0,100.0,36.0,48.0,0.0,point estimate on test set (no resampling)
Campylobacter coli,contig (WGS),236,97,15,13,2,109,0,41.1017,86.6071,46.1864,52.5424,0.8475,point estimate on test set (no resampling)
Campylobacter coli,plasmid,4,1,0,0,1,2,0,25.0,50.0,50.0,50.0,25.0,point estimate on test set (no resampling)
Campylobacter concisus,chromosome,2,2,0,0,0,0,0,100.0,100.0,0.0,0.0,0.0,point estimate on test set (no resampling)
Campylobacter concisus,contig (WGS),42,42,0,0,0,0,0,100.0,100.0,0.0,0.0,0.0,point estimate on test set (no resampling)
Campylobacter fetus,contig (WGS),3,2,0,0,0,1,0,66.6667,100.0,33.3333,33.3333,0.0,point estimate on test set (no resampling)
Campylobacter jejuni,chromosome,86,70,4,0,0,12,0,81.3953,100.0,13.9535,18.6047,0.0,point estimate on test set (no resampling)
Campylobacter jejuni,contig (WGS),584,424,17,9,2,130,2,72.6027,97.4713,22.2603,25.5137,0.3425,point estimate on test set (no resampling)
Campylobacter jejuni,plasmid,6,1,0,0,1,4,0,16.6667,50.0,66.6667,66.6667,16.6667,point estimate on test set (no resampling)
Campylobacter showae,contig (WGS),1,1,0,0,0,0,0,100.0,100.0,0.0,0.0,0.0,point estimate on test set (no resampling)
Capnocytophaga gingivalis,contig (WGS),1,0,0,0,0,1,0,0.0,,100.0,100.0,0.0,point estimate on test set (no resampling)
Capnocytophaga sputigena,chromosome,1,0,0,1,0,0,0,0.0,0.0,0.0,0.0,0.0,point estimate on test set (no resampling)
Chlamydia psittaci,contig (WGS),1,0,0,1,0,0,0,0.0,0.0,0.0,0.0,0.0,point estimate on test set (no resampling)
Chlamydia suis,chromosome,10,10,0,0,0,0,0,100.0,100.0,0.0,0.0,0.0,point estimate on test set (no resampling)
Chlamydia suis,contig (WGS),16,16,0,0,0,0,0,100.0,100.0,0.0,0.0,0.0,point estimate on test set (no resampling)
Chlamydia trachomatis,chromosome,17,16,1,0,0,0,0,94.1176,100.0,0.0,5.8824,0.0,point estimate on test set (no resampling)
Chlamydia trachomatis,contig (WGS),3,3,0,0,0,0,0,100.0,100.0,0.0,0.0,0.0,point estimate on test set (no resampling)
Chryseobacterium nakagawai,chromosome,2,1,0,0,0,1,0,50.0,100.0,50.0,50.0,0.0,point estimate on test set (no resampling)
Chryseobacterium taklimakanense,chromosome,1,0,0,0,0,1,0,0.0,,100.0,100.0,0.0,point estimate on test set (no resampling)
Citrobacter amalonaticus,chromosome,59,53,0,0,0,6,0,89.8305,100.0,10.1695,10.1695,0.0,point estimate on test set (no resampling)
Citrobacter amalonaticus,contig (WGS),167,144,2,6,1,12,2,86.2275,95.3642,7.1856,9.5808,0.5988,point estimate on test set (no resampling)
Citrobacter freundii,chromosome,382,316,23,17,1,25,0,82.7225,94.6108,6.5445,12.5654,0.2618,point estimate on test set (no resampling)
Citrobacter freundii,contig (WGS),643,448,41,19,11,124,0,69.6734,93.7238,19.2846,25.661,1.7107,point estimate on test set (no resampling)
Citrobacter freundii,plasmid,12,1,0,0,2,9,0,8.3333,33.3333,75.0,75.0,16.6667,point estimate on test set (no resampling)
Citrobacter koseri,chromosome,71,68,1,0,0,2,0,95.7746,100.0,2.8169,4.2254,0.0,point estimate on test set (no resampling)
Citrobacter koseri,contig (WGS),146,140,0,0,1,5,0,95.8904,99.2908,3.4247,3.4247,0.6849,point estimate on test set (no resampling)
Citrobacter portucalensis,chromosome,100,54,20,6,2,18,0,54.0,87.0968,18.0,38.0,2.0,point estimate on test set (no resampling)
Citrobacter portucalensis,contig (WGS),156,77,27,6,6,40,0,49.359,86.5169,25.641,42.9487,3.8462,point estimate on test set (no resampling)
Citrobacter portucalensis,plasmid,2,0,0,0,1,1,0,0.0,0.0,50.0,50.0,50.0,point estimate on test set (no resampling)
Citrobacter werkmanii,chromosome,41,25,6,7,0,3,0,60.9756,78.125,7.3171,21.9512,0.0,point estimate on test set (no resampling)
Citrobacter werkmanii,contig (WGS),99,55,10,3,3,27,1,55.5556,90.1639,27.2727,38.3838,3.0303,point estimate on test set (no resampling)
Citrobacter youngae,chromosome,8,3,2,1,1,1,0,37.5,60.0,12.5,37.5,12.5,point estimate on test set (no resampling)
Citrobacter youngae,contig (WGS),61,30,18,4,1,8,0,49.1803,85.7143,13.1148,42.623,1.6393,point estimate on test set (no resampling)
Clostridium botulinum,chromosome,23,20,1,2,0,0,0,86.9565,90.9091,0.0,4.3478,0.0,point estimate on test set (no resampling)
Clostridium botulinum,contig (WGS),45,33,6,1,0,5,0,73.3333,97.0588,11.1111,24.4444,0.0,point estimate on test set (no resampling)
Clostridium butyricum,chromosome,3,2,0,0,0,1,0,66.6667,100.0,33.3333,33.3333,0.0,point estimate on test set (no resampling)
Clostridium butyricum,contig (WGS),4,4,0,0,0,0,0,100.0,100.0,0.0,0.0,0.0,point estimate on test set (no resampling)
Clostridium butyricum,plasmid,2,2,0,0,0,0,0,100.0,100.0,0.0,0.0,0.0,point estimate on test set (no resampling)
Clostridium perfringens,chromosome,22,20,0,0,1,0,1,90.9091,95.2381,0.0,4.5455,4.5455,point estimate on test set (no resampling)
Clostridium perfringens,contig (WGS),53,49,0,0,1,3,0,92.4528,98.0,5.6604,5.6604,1.8868,point estimate on test set (no resampling)
Clostridium perfringens,plasmid,2,2,0,0,0,0,0,100.0,100.0,0.0,0.0,0.0,point estimate on test set (no resampling)
Clostridium sporogenes,chromosome,6,3,3,0,0,0,0,50.0,100.0,0.0,50.0,0.0,point estimate on test set (no resampling)
Clostridium sporogenes,contig (WGS),12,2,10,0,0,0,0,16.6667,100.0,0.0,83.3333,0.0,point estimate on test set (no resampling)
Clostridium tetani,contig (WGS),2,2,0,0,0,0,0,100.0,100.0,0.0,0.0,0.0,point estimate on test set (no resampling)
Collinsella aerofaciens,contig (WGS),8,4,0,0,0,4,0,50.0,100.0,50.0,50.0,0.0,point estimate on test set (no resampling)
Comamonas testosteroni,chromosome,2,2,0,0,0,0,0,100.0,100.0,0.0,0.0,0.0,point estimate on test set (no resampling)
Comamonas testosteroni,contig (WGS),10,9,0,0,0,1,0,90.0,100.0,10.0,10.0,0.0,point estimate on test set (no resampling)
Corynebacterium amycolatum,contig (WGS),1,1,0,0,0,0,0,100.0,100.0,0.0,0.0,0.0,point estimate on test set (no resampling)
Corynebacterium diphtheriae,chromosome,1,1,0,0,0,0,0,100.0,100.0,0.0,0.0,0.0,point estimate on test set (no resampling)
Corynebacterium diphtheriae,contig (WGS),9,1,0,0,3,5,0,11.1111,25.0,55.5556,55.5556,33.3333,point estimate on test set (no resampling)
Corynebacterium jeikeium,chromosome,2,1,0,0,0,1,0,50.0,100.0,50.0,50.0,0.0,point estimate on test set (no resampling)
Corynebacterium jeikeium,contig (WGS),4,2,1,0,0,1,0,50.0,100.0,25.0,50.0,0.0,point estimate on test set (no resampling)
Corynebacterium urealyticum,chromosome,2,1,0,1,0,0,0,50.0,50.0,0.0,0.0,0.0,point estimate on test set (no resampling)
Coxiella burnetii,chromosome,1,1,0,0,0,0,0,100.0,100.0,0.0,0.0,0.0,point estimate on test set (no resampling)
Coxiella burnetii,contig (WGS),1,1,0,0,0,0,0,100.0,100.0,0.0,0.0,0.0,point estimate on test set (no resampling)
Cronobacter condimenti,chromosome,3,0,0,1,0,1,1,0.0,0.0,33.3333,66.6667,0.0,point estimate on test set (no resampling)
Cronobacter condimenti,contig (WGS),2,2,0,0,0,0,0,100.0,100.0,0.0,0.0,0.0,point estimate on test set (no resampling)
Cronobacter dublinensis,chromosome,4,2,2,0,0,0,0,50.0,100.0,0.0,50.0,0.0,point estimate on test set (no resampling)
Cronobacter dublinensis,contig (WGS),127,115,4,0,0,8,0,90.5512,100.0,6.2992,9.4488,0.0,point estimate on test set (no resampling)
Cronobacter malonaticus,chromosome,5,3,2,0,0,0,0,60.0,100.0,0.0,40.0,0.0,point estimate on test set (no resampling)
Cronobacter malonaticus,contig (WGS),87,54,21,1,0,11,0,62.069,98.1818,12.6437,36.7816,0.0,point estimate on test set (no resampling)
Cronobacter sakazakii,chromosome,38,36,2,0,0,0,0,94.7368,100.0,0.0,5.2632,0.0,point estimate on test set (no resampling)
Cronobacter sakazakii,contig (WGS),315,284,19,2,0,10,0,90.1587,99.3007,3.1746,9.2063,0.0,point estimate on test set (no resampling)
Cronobacter turicensis,contig (WGS),38,22,15,0,0,1,0,57.8947,100.0,2.6316,42.1053,0.0,point estimate on test set (no resampling)
Cronobacter universalis,chromosome,5,0,2,2,0,0,1,0.0,0.0,0.0,60.0,0.0,point estimate on test set (no resampling)
Cronobacter universalis,contig (WGS),1,1,0,0,0,0,0,100.0,100.0,0.0,0.0,0.0,point estimate on test set (no resampling)
Cupriavidus campinensis,chromosome,2,2,0,0,0,0,0,100.0,100.0,0.0,0.0,0.0,point estimate on test set (no resampling)
Cupriavidus campinensis,contig (WGS),2,2,0,0,0,0,0,100.0,100.0,0.0,0.0,0.0,point estimate on test set (no resampling)
Cupriavidus campinensis,plasmid,1,0,1,0,0,0,0,0.0,,0.0,100.0,0.0,point estimate on test set (no resampling)
Cupriavidus metallidurans,chromosome,5,4,0,0,0,1,0,80.0,100.0,20.0,20.0,0.0,point estimate on test set (no resampling)
Cupriavidus metallidurans,contig (WGS),3,2,1,0,0,0,0,66.6667,100.0,0.0,33.3333,0.0,point estimate on test set (no resampling)
Cutibacterium acnes,contig (WGS),2,2,0,0,0,0,0,100.0,100.0,0.0,0.0,0.0,point estimate on test set (no resampling)
Delftia tsuruhatensis,chromosome,5,4,0,0,0,0,1,80.0,100.0,0.0,20.0,0.0,point estimate on test set (no resampling)
Delftia tsuruhatensis,contig (WGS),5,4,0,0,0,1,0,80.0,100.0,20.0,20.0,0.0,point estimate on test set (no resampling)
Edwardsiella tarda,chromosome,18,18,0,0,0,0,0,100.0,100.0,0.0,0.0,0.0,point estimate on test set (no resampling)
Edwardsiella tarda,contig (WGS),17,15,0,0,1,1,0,88.2353,93.75,5.8824,5.8824,5.8824,point estimate on test set (no resampling)
Eggerthella lenta,chromosome,2,1,0,0,0,1,0,50.0,100.0,50.0,50.0,0.0,point estimate on test set (no resampling)
Eggerthella lenta,contig (WGS),4,0,0,0,0,4,0,0.0,,100.0,100.0,0.0,point estimate on test set (no resampling)
Eikenella corrodens,contig (WGS),3,3,0,0,0,0,0,100.0,100.0,0.0,0.0,0.0,point estimate on test set (no resampling)
Elizabethkingia anophelis,chromosome,28,24,2,0,0,2,0,85.7143,100.0,7.1429,14.2857,0.0,point estimate on test set (no resampling)
Elizabethkingia anophelis,contig (WGS),43,37,3,0,0,3,0,86.0465,100.0,6.9767,13.9535,0.0,point estimate on test set (no resampling)
Elizabethkingia miricola,chromosome,9,5,3,0,0,1,0,55.5556,100.0,11.1111,44.4444,0.0,point estimate on test set (no resampling)
Elizabethkingia miricola,contig (WGS),15,8,5,0,1,1,0,53.3333,88.8889,6.6667,40.0,6.6667,point estimate on test set (no resampling)
Enterobacter asburiae,chromosome,99,77,12,3,0,7,0,77.7778,96.25,7.0707,19.1919,0.0,point estimate on test set (no resampling)
Enterobacter asburiae,contig (WGS),460,286,79,17,3,75,0,62.1739,93.4641,16.3043,33.4783,0.6522,point estimate on test set (no resampling)
Enterobacter asburiae,plasmid,3,1,0,1,0,1,0,33.3333,50.0,33.3333,33.3333,0.0,point estimate on test set (no resampling)
Enterobacter cancerogenus,chromosome,33,32,1,0,0,0,0,96.9697,100.0,0.0,3.0303,0.0,point estimate on test set (no resampling)
Enterobacter cancerogenus,contig (WGS),31,19,4,2,0,6,0,61.2903,90.4762,19.3548,32.2581,0.0,point estimate on test set (no resampling)
Enterobacter chengduensis,contig (WGS),18,3,7,3,0,5,0,16.6667,50.0,27.7778,66.6667,0.0,point estimate on test set (no resampling)
Enterobacter cloacae,chromosome,173,118,26,13,1,14,1,68.2081,89.3939,8.0925,23.6994,0.578,point estimate on test set (no resampling)
Enterobacter cloacae,contig (WGS),647,439,71,47,7,82,1,67.8516,89.0467,12.6739,23.8022,1.0819,point estimate on test set (no resampling)
Enterobacter cloacae,plasmid,5,0,0,0,0,5,0,0.0,,100.0,100.0,0.0,point estimate on test set (no resampling)
Enterobacter hormaechei,chromosome,275,238,6,1,1,29,0,86.5455,99.1667,10.5455,12.7273,0.3636,point estimate on test set (no resampling)
Enterobacter hormaechei,contig (WGS),1569,1054,44,14,58,398,1,67.1765,93.6057,25.3665,28.2345,3.6966,point estimate on test set (no resampling)
Enterobacter hormaechei,plasmid,26,0,0,1,6,19,0,0.0,0.0,73.0769,73.0769,23.0769,point estimate on test set (no resampling)
Enterobacter kobei,chromosome,70,67,2,0,0,1,0,95.7143,100.0,1.4286,4.2857,0.0,point estimate on test set (no resampling)
Enterobacter kobei,contig (WGS),233,163,12,7,8,42,1,69.9571,91.573,18.0258,23.6052,3.4335,point estimate on test set (no resampling)
Enterobacter kobei,plasmid,1,0,0,0,0,1,0,0.0,,100.0,100.0,0.0,point estimate on test set (no resampling)
Enterobacter roggenkampii,chromosome,102,86,3,1,0,12,0,84.3137,98.8506,11.7647,14.7059,0.0,point estimate on test set (no resampling)
Enterobacter roggenkampii,contig (WGS),425,325,42,12,2,44,0,76.4706,95.8702,10.3529,20.2353,0.4706,point estimate on test set (no resampling)
Enterobacter roggenkampii,plasmid,4,0,0,0,0,4,0,0.0,,100.0,100.0,0.0,point estimate on test set (no resampling)
Enterocloster clostridioformis,chromosome,2,1,0,0,0,1,0,50.0,100.0,50.0,50.0,0.0,point estimate on test set (no resampling)
Enterocloster clostridioformis,contig (WGS),16,8,0,0,1,7,0,50.0,88.8889,43.75,43.75,6.25,point estimate on test set (no resampling)
Enterococcus faecalis,chromosome,89,81,0,0,1,7,0,91.0112,98.7805,7.8652,7.8652,1.1236,point estimate on test set (no resampling)
Enterococcus faecalis,contig (WGS),427,259,0,12,6,150,0,60.6557,93.5018,35.1288,35.1288,1.4052,point estimate on test set (no resampling)
Enterococcus faecalis,plasmid,30,7,0,2,2,19,0,23.3333,63.6364,63.3333,63.3333,6.6667,point estimate on test set (no resampling)
Enterococcus faecium,chromosome,56,38,0,0,1,17,0,67.8571,97.4359,30.3571,30.3571,1.7857,point estimate on test set (no resampling)
Enterococcus faecium,contig (WGS),639,256,1,2,19,360,1,40.0626,92.4188,56.338,56.651,2.9734,point estimate on test set (no resampling)
Enterococcus faecium,plasmid,76,22,1,3,1,48,1,28.9474,84.6154,63.1579,65.7895,1.3158,point estimate on test set (no resampling)
Enterococcus hirae,chromosome,5,5,0,0,0,0,0,100.0,100.0,0.0,0.0,0.0,point estimate on test set (no resampling)
Enterococcus hirae,contig (WGS),13,5,0,1,3,4,0,38.4615,55.5556,30.7692,30.7692,23.0769,point estimate on test set (no resampling)
Erysipelatoclostridium ramosum,contig (WGS),4,0,0,0,3,1,0,0.0,0.0,25.0,25.0,75.0,point estimate on test set (no resampling)
Erysipelothrix rhusiopathiae,chromosome,1,0,0,0,0,1,0,0.0,,100.0,100.0,0.0,point estimate on test set (no resampling)
Escherichia albertii,chromosome,223,212,8,0,0,3,0,95.0673,100.0,1.3453,4.9327,0.0,point estimate on test set (no resampling)
Escherichia albertii,contig (WGS),440,411,17,4,0,8,0,93.4091,99.0361,1.8182,5.6818,0.0,point estimate on test set (no resampling)
Escherichia coli,chromosome,4273,3415,18,4,14,822,0,79.9204,99.4757,19.2371,19.6583,0.3276,point estimate on test set (no resampling)
Escherichia coli,contig (WGS),27269,17798,111,37,220,9066,37,65.2683,98.5766,33.2465,33.7893,0.8068,point estimate on test set (no resampling)
Escherichia coli,plasmid,247,63,0,0,11,173,0,25.5061,85.1351,70.0405,70.0405,4.4534,point estimate on test set (no resampling)
Escherichia fergusonii,chromosome,187,114,56,6,0,11,0,60.9626,95.0,5.8824,35.8289,0.0,point estimate on test set (no resampling)
Escherichia fergusonii,contig (WGS),153,81,28,16,1,26,1,52.9412,82.6531,16.9935,35.9477,0.6536,point estimate on test set (no resampling)
Escherichia fergusonii,plasmid,10,0,1,0,3,6,0,0.0,0.0,60.0,70.0,30.0,point estimate on test set (no resampling)
Escherichia marmotae,chromosome,81,70,5,3,0,3,0,86.4198,95.8904,3.7037,9.8765,0.0,point estimate on test set (no resampling)
Escherichia marmotae,contig (WGS),170,143,9,7,0,11,0,84.1176,95.3333,6.4706,11.7647,0.0,point estimate on test set (no resampling)
Eubacterium maltosivorans,chromosome,1,0,1,0,0,0,0,0.0,,0.0,100.0,0.0,point estimate on test set (no resampling)
Faecalibacterium prausnitzii,chromosome,4,1,0,0,1,2,0,25.0,50.0,50.0,50.0,25.0,point estimate on test set (no resampling)
Faecalibacterium prausnitzii,contig (WGS),10,3,0,0,2,5,0,30.0,60.0,50.0,50.0,20.0,point estimate on test set (no resampling)
Francisella philomiragia,chromosome,5,5,0,0,0,0,0,100.0,100.0,0.0,0.0,0.0,point estimate on test set (no resampling)
Francisella philomiragia,contig (WGS),3,3,0,0,0,0,0,100.0,100.0,0.0,0.0,0.0,point estimate on test set (no resampling)
Francisella tularensis,chromosome,3,3,0,0,0,0,0,100.0,100.0,0.0,0.0,0.0,point estimate on test set (no resampling)
Francisella tularensis,contig (WGS),8,7,0,0,0,1,0,87.5,100.0,12.5,12.5,0.0,point estimate on test set (no resampling)
Fusobacterium nucleatum,chromosome,1,0,0,0,0,1,0,0.0,,100.0,100.0,0.0,point estimate on test set (no resampling)
Gardnerella vaginalis,chromosome,5,4,0,0,0,1,0,80.0,100.0,20.0,20.0,0.0,point estimate on test set (no resampling)
Gardnerella vaginalis,contig (WGS),25,23,0,0,0,2,0,92.0,100.0,8.0,8.0,0.0,point estimate on test set (no resampling)
Glaesserella parasuis,chromosome,21,17,0,0,0,4,0,80.9524,100.0,19.0476,19.0476,0.0,point estimate on test set (no resampling)
Glaesserella parasuis,contig (WGS),24,21,0,0,0,3,0,87.5,100.0,12.5,12.5,0.0,point estimate on test set (no resampling)
Granulibacter bethesdensis,chromosome,1,1,0,0,0,0,0,100.0,100.0,0.0,0.0,0.0,point estimate on test set (no resampling)
Haemophilus influenzae,chromosome,70,70,0,0,0,0,0,100.0,100.0,0.0,0.0,0.0,point estimate on test set (no resampling)
Haemophilus influenzae,contig (WGS),137,126,2,1,3,5,0,91.9708,96.9231,3.6496,5.1095,2.1898,point estimate on test set (no resampling)
Haemophilus parainfluenzae,chromosome,25,22,2,0,0,1,0,88.0,100.0,4.0,12.0,0.0,point estimate on test set (no resampling)
Haemophilus parainfluenzae,contig (WGS),24,20,2,0,1,1,0,83.3333,95.2381,4.1667,12.5,4.1667,point estimate on test set (no resampling)
Helicobacter cinaedi,chromosome,3,3,0,0,0,0,0,100.0,100.0,0.0,0.0,0.0,point estimate on test set (no resampling)
Helicobacter cinaedi,contig (WGS),1,1,0,0,0,0,0,100.0,100.0,0.0,0.0,0.0,point estimate on test set (no resampling)
Helicobacter pullorum,chromosome,1,1,0,0,0,0,0,100.0,100.0,0.0,0.0,0.0,point estimate on test set (no resampling)
Helicobacter pullorum,contig (WGS),7,3,0,0,0,4,0,42.8571,100.0,57.1429,57.1429,0.0,point estimate on test set (no resampling)
Helicobacter pylori,chromosome,585,584,0,0,0,1,0,99.8291,100.0,0.1709,0.1709,0.0,point estimate on test set (no resampling)
Helicobacter pylori,contig (WGS),3348,3346,0,0,0,1,1,99.9403,100.0,0.0299,0.0597,0.0,point estimate on test set (no resampling)
Histophilus somni,chromosome,11,10,0,0,0,1,0,90.9091,100.0,9.0909,9.0909,0.0,point estimate on test set (no resampling)
Histophilus somni,contig (WGS),10,4,0,0,2,4,0,40.0,66.6667,40.0,40.0,20.0,point estimate on test set (no resampling)
Inquilinus limosus,contig (WGS),4,3,0,0,0,0,1,75.0,100.0,0.0,25.0,0.0,point estimate on test set (no resampling)
Klebsiella aerogenes,chromosome,146,145,1,0,0,0,0,99.3151,100.0,0.0,0.6849,0.0,point estimate on test set (no resampling)
Klebsiella aerogenes,contig (WGS),470,405,8,2,12,43,0,86.1702,96.6587,9.1489,10.8511,2.5532,point estimate on test set (no resampling)
Klebsiella aerogenes,plasmid,3,0,0,1,1,1,0,0.0,0.0,33.3333,33.3333,33.3333,point estimate on test set (no resampling)
Klebsiella huaxiensis,chromosome,4,1,1,1,0,1,0,25.0,50.0,25.0,50.0,0.0,point estimate on test set (no resampling)
Klebsiella huaxiensis,contig (WGS),13,9,2,0,0,2,0,69.2308,100.0,15.3846,30.7692,0.0,point estimate on test set (no resampling)
Klebsiella michiganensis,chromosome,211,195,6,0,1,9,0,92.4171,99.4898,4.2654,7.109,0.4739,point estimate on test set (no resampling)
Klebsiella michiganensis,contig (WGS),404,318,20,2,8,54,2,78.7129,96.9512,13.3663,18.8119,1.9802,point estimate on test set (no resampling)
Klebsiella michiganensis,plasmid,3,0,0,0,2,1,0,0.0,0.0,33.3333,33.3333,66.6667,point estimate on test set (no resampling)
Klebsiella oxytoca,chromosome,101,88,3,5,0,5,0,87.1287,94.6237,4.9505,7.9208,0.0,point estimate on test set (no resampling)
Klebsiella oxytoca,contig (WGS),253,207,4,21,4,17,0,81.8182,89.2241,6.7194,8.3004,1.581,point estimate on test set (no resampling)
Klebsiella oxytoca,plasmid,3,0,0,0,0,3,0,0.0,,100.0,100.0,0.0,point estimate on test set (no resampling)
Klebsiella pneumoniae,chromosome,1067,951,26,8,3,79,0,89.1284,98.8565,7.4039,9.8407,0.2812,point estimate on test set (no resampling)
Klebsiella pneumoniae,contig (WGS),5297,2834,44,17,205,2171,26,53.502,92.7356,40.9855,42.307,3.8701,point estimate on test set (no resampling)
Klebsiella pneumoniae,plasmid,216,28,0,0,7,181,0,12.963,80.0,83.7963,83.7963,3.2407,point estimate on test set (no resampling)
Klebsiella quasipneumoniae,chromosome,434,400,12,1,1,20,0,92.1659,99.5025,4.6083,7.3733,0.2304,point estimate on test set (no resampling)
Klebsiella quasipneumoniae,contig (WGS),857,692,24,10,3,127,1,80.7468,98.156,14.8191,17.7363,0.3501,point estimate on test set (no resampling)
Klebsiella quasipneumoniae,plasmid,9,0,0,0,2,7,0,0.0,0.0,77.7778,77.7778,22.2222,point estimate on test set (no resampling)
Kosakonia arachidis,chromosome,5,0,0,0,0,4,1,0.0,,80.0,100.0,0.0,point estimate on test set (no resampling)
Lactobacillus crispatus,chromosome,2,1,0,0,0,1,0,50.0,100.0,50.0,50.0,0.0,point estimate on test set (no resampling)
Lactobacillus crispatus,contig (WGS),8,4,0,0,0,4,0,50.0,100.0,50.0,50.0,0.0,point estimate on test set (no resampling)
Lactobacillus iners,chromosome,3,2,0,0,0,1,0,66.6667,100.0,33.3333,33.3333,0.0,point estimate on test set (no resampling)
Lactobacillus iners,contig (WGS),5,2,0,0,0,3,0,40.0,100.0,60.0,60.0,0.0,point estimate on test set (no resampling)
Lactobacillus johnsonii,chromosome,2,1,0,0,0,1,0,50.0,100.0,50.0,50.0,0.0,point estimate on test set (no resampling)
Lactobacillus johnsonii,contig (WGS),4,1,0,0,0,3,0,25.0,100.0,75.0,75.0,0.0,point estimate on test set (no resampling)
Lactococcus garvieae,chromosome,4,4,0,0,0,0,0,100.0,100.0,0.0,0.0,0.0,point estimate on test set (no resampling)
Lactococcus garvieae,contig (WGS),2,1,0,0,1,0,0,50.0,50.0,0.0,0.0,50.0,point estimate on test set (no resampling)
Lactococcus garvieae,plasmid,2,1,0,0,0,1,0,50.0,100.0,50.0,50.0,0.0,point estimate on test set (no resampling)
Laribacter hongkongensis,chromosome,3,3,0,0,0,0,0,100.0,100.0,0.0,0.0,0.0,point estimate on test set (no resampling)
Laribacter hongkongensis,contig (WGS),24,20,0,0,2,1,1,83.3333,90.9091,4.1667,8.3333,8.3333,point estimate on test set (no resampling)
Leclercia adecarboxylata,chromosome,56,53,0,0,1,2,0,94.6429,98.1481,3.5714,3.5714,1.7857,point estimate on test set (no resampling)
Leclercia adecarboxylata,contig (WGS),42,41,0,0,0,1,0,97.619,100.0,2.381,2.381,0.0,point estimate on test set (no resampling)
Legionella pneumophila,chromosome,15,15,0,0,0,0,0,100.0,100.0,0.0,0.0,0.0,point estimate on test set (no resampling)
Legionella pneumophila,contig (WGS),29,25,0,0,1,3,0,86.2069,96.1538,10.3448,10.3448,3.4483,point estimate on test set (no resampling)
Leminorella grimontii,contig (WGS),3,0,0,0,0,3,0,0.0,,100.0,100.0,0.0,point estimate on test set (no resampling)
Leptospira borgpetersenii,contig (WGS),2,0,0,0,1,1,0,0.0,0.0,50.0,50.0,50.0,point estimate on test set (no resampling)
Ligilactobacillus animalis,chromosome,1,1,0,0,0,0,0,100.0,100.0,0.0,0.0,0.0,point estimate on test set (no resampling)
Ligilactobacillus animalis,contig (WGS),1,0,0,0,0,1,0,0.0,,100.0,100.0,0.0,point estimate on test set (no resampling)
Listeria innocua,chromosome,11,8,1,0,1,1,0,72.7273,88.8889,9.0909,18.1818,9.0909,point estimate on test set (no resampling)
Listeria innocua,contig (WGS),41,35,6,0,0,0,0,85.3659,100.0,0.0,14.6341,0.0,point estimate on test set (no resampling)
Listeria monocytogenes,chromosome,61,56,3,0,0,2,0,91.8033,100.0,3.2787,8.1967,0.0,point estimate on test set (no resampling)
Listeria monocytogenes,contig (WGS),292,267,5,0,8,11,1,91.4384,97.0909,3.7671,5.8219,2.7397,point estimate on test set (no resampling)
Macrococcus canis,chromosome,11,10,0,0,0,1,0,90.9091,100.0,9.0909,9.0909,0.0,point estimate on test set (no resampling)
Macrococcus canis,contig (WGS),3,3,0,0,0,0,0,100.0,100.0,0.0,0.0,0.0,point estimate on test set (no resampling)
Macrococcus canis,plasmid,4,0,0,0,3,1,0,0.0,0.0,25.0,25.0,75.0,point estimate on test set (no resampling)
Megasphaera stantonii,contig (WGS),3,0,0,0,0,3,0,0.0,,100.0,100.0,0.0,point estimate on test set (no resampling)
Methylorubrum populi,chromosome,3,2,0,0,0,1,0,66.6667,100.0,33.3333,33.3333,0.0,point estimate on test set (no resampling)
Micrococcus luteus,chromosome,1,1,0,0,0,0,0,100.0,100.0,0.0,0.0,0.0,point estimate on test set (no resampling)
Micrococcus luteus,contig (WGS),3,2,0,0,0,1,0,66.6667,100.0,33.3333,33.3333,0.0,point estimate on test set (no resampling)
Mobiluncus mulieris,contig (WGS),1,1,0,0,0,0,0,100.0,100.0,0.0,0.0,0.0,point estimate on test set (no resampling)
Moraxella catarrhalis,chromosome,2,2,0,0,0,0,0,100.0,100.0,0.0,0.0,0.0,point estimate on test set (no resampling)
Moraxella catarrhalis,contig (WGS),33,25,0,0,3,5,0,75.7576,89.2857,15.1515,15.1515,9.0909,point estimate on test set (no resampling)
Moraxella osloensis,chromosome,4,4,0,0,0,0,0,100.0,100.0,0.0,0.0,0.0,point estimate on test set (no resampling)
Moraxella osloensis,contig (WGS),8,6,0,0,0,2,0,75.0,100.0,25.0,25.0,0.0,point estimate on test set (no resampling)
Morganella morganii,chromosome,69,61,0,0,0,8,0,88.4058,100.0,11.5942,11.5942,0.0,point estimate on test set (no resampling)
Morganella morganii,contig (WGS),146,121,0,0,1,24,0,82.8767,99.1803,16.4384,16.4384,0.6849,point estimate on test set (no resampling)
Morganella morganii,plasmid,4,1,0,0,0,3,0,25.0,100.0,75.0,75.0,0.0,point estimate on test set (no resampling)
Mycobacterium avium,chromosome,11,10,0,0,0,1,0,90.9091,100.0,9.0909,9.0909,0.0,point estimate on test set (no resampling)
Mycobacterium avium,contig (WGS),33,21,1,0,2,9,0,63.6364,91.3043,27.2727,30.303,6.0606,point estimate on test set (no resampling)
Mycobacterium colombiense,chromosome,3,3,0,0,0,0,0,100.0,100.0,0.0,0.0,0.0,point estimate on test set (no resampling)
Mycobacterium colombiense,contig (WGS),22,20,1,0,0,1,0,90.9091,100.0,4.5455,9.0909,0.0,point estimate on test set (no resampling)
Mycobacterium intracellulare,chromosome,20,20,0,0,0,0,0,100.0,100.0,0.0,0.0,0.0,point estimate on test set (no resampling)
Mycobacterium intracellulare,contig (WGS),23,20,3,0,0,0,0,86.9565,100.0,0.0,13.0435,0.0,point estimate on test set (no resampling)
Mycobacterium kansasii,chromosome,1,1,0,0,0,0,0,100.0,100.0,0.0,0.0,0.0,point estimate on test set (no resampling)
Mycobacterium kansasii,contig (WGS),6,4,2,0,0,0,0,66.6667,100.0,0.0,33.3333,0.0,point estimate on test set (no resampling)
Mycobacterium leprae,chromosome,1,1,0,0,0,0,0,100.0,100.0,0.0,0.0,0.0,point estimate on test set (no resampling)
Mycobacterium lepromatosis,chromosome,1,1,0,0,0,0,0,100.0,100.0,0.0,0.0,0.0,point estimate on test set (no resampling)
Mycobacterium marinum,chromosome,3,2,0,0,0,1,0,66.6667,100.0,33.3333,33.3333,0.0,point estimate on test set (no resampling)
Mycobacterium marinum,contig (WGS),7,2,2,1,0,2,0,28.5714,66.6667,28.5714,57.1429,0.0,point estimate on test set (no resampling)
Mycobacterium tuberculosis,chromosome,160,138,2,0,0,20,0,86.25,100.0,12.5,13.75,0.0,point estimate on test set (no resampling)
Mycobacterium tuberculosis,contig (WGS),777,704,2,0,3,68,0,90.6049,99.5757,8.7516,9.009,0.3861,point estimate on test set (no resampling)
Mycobacterium ulcerans,chromosome,3,0,0,2,0,1,0,0.0,0.0,33.3333,33.3333,0.0,point estimate on test set (no resampling)
Mycobacterium ulcerans,contig (WGS),1,1,0,0,0,0,0,100.0,100.0,0.0,0.0,0.0,point estimate on test set (no resampling)
Mycolicibacterium fortuitum,chromosome,10,10,0,0,0,0,0,100.0,100.0,0.0,0.0,0.0,point estimate on test set (no resampling)
Mycolicibacterium fortuitum,contig (WGS),34,34,0,0,0,0,0,100.0,100.0,0.0,0.0,0.0,point estimate on test set (no resampling)
Mycolicibacterium septicum,chromosome,1,1,0,0,0,0,0,100.0,100.0,0.0,0.0,0.0,point estimate on test set (no resampling)
Mycolicibacterium septicum,contig (WGS),6,6,0,0,0,0,0,100.0,100.0,0.0,0.0,0.0,point estimate on test set (no resampling)
Mycoplasma genitalium,chromosome,1,0,0,0,0,1,0,0.0,,100.0,100.0,0.0,point estimate on test set (no resampling)
Mycoplasma mycoides,chromosome,1,0,0,0,0,1,0,0.0,,100.0,100.0,0.0,point estimate on test set (no resampling)
Mycoplasma pneumoniae,chromosome,3,3,0,0,0,0,0,100.0,100.0,0.0,0.0,0.0,point estimate on test set (no resampling)
Mycoplasma pneumoniae,contig (WGS),2,2,0,0,0,0,0,100.0,100.0,0.0,0.0,0.0,point estimate on test set (no resampling)
Myroides odoratimimus,chromosome,2,2,0,0,0,0,0,100.0,100.0,0.0,0.0,0.0,point estimate on test set (no resampling)
Myroides odoratimimus,contig (WGS),5,4,0,0,1,0,0,80.0,80.0,0.0,0.0,20.0,point estimate on test set (no resampling)
Myroides phaeus,chromosome,1,0,0,0,0,1,0,0.0,,100.0,100.0,0.0,point estimate on test set (no resampling)
Neisseria brasiliensis,chromosome,1,0,0,0,1,0,0,0.0,0.0,0.0,0.0,100.0,point estimate on test set (no resampling)
Neisseria brasiliensis,contig (WGS),1,1,0,0,0,0,0,100.0,100.0,0.0,0.0,0.0,point estimate on test set (no resampling)
Neisseria gonorrhoeae,chromosome,105,102,2,0,0,1,0,97.1429,100.0,0.9524,2.8571,0.0,point estimate on test set (no resampling)
Neisseria gonorrhoeae,contig (WGS),256,226,17,1,0,11,1,88.2812,99.5595,4.2969,11.3281,0.0,point estimate on test set (no resampling)
Neisseria gonorrhoeae,plasmid,2,0,0,0,0,2,0,0.0,,100.0,100.0,0.0,point estimate on test set (no resampling)
Neisseria meningitidis,chromosome,86,85,0,1,0,0,0,98.8372,98.8372,0.0,0.0,0.0,point estimate on test set (no resampling)
Neisseria meningitidis,contig (WGS),706,666,29,2,1,7,1,94.3343,99.5516,0.9915,5.2408,0.1416,point estimate on test set (no resampling)
Neisseria sicca,contig (WGS),7,1,3,0,0,3,0,14.2857,100.0,42.8571,85.7143,0.0,point estimate on test set (no resampling)
Neisseria subflava,contig (WGS),1,1,0,0,0,0,0,100.0,100.0,0.0,0.0,0.0,point estimate on test set (no resampling)
Nocardia farcinica,chromosome,4,3,0,0,0,1,0,75.0,100.0,25.0,25.0,0.0,point estimate on test set (no resampling)
Nocardia farcinica,contig (WGS),28,26,0,0,1,1,0,92.8571,96.2963,3.5714,3.5714,3.5714,point estimate on test set (no resampling)
Nocardia terpenica,chromosome,2,0,0,0,0,2,0,0.0,,100.0,100.0,0.0,point estimate on test set (no resampling)
Orrella dioscoreae,chromosome,1,0,0,0,0,1,0,0.0,,100.0,100.0,0.0,point estimate on test set (no resampling)
Paeniclostridium sordellii,contig (WGS),12,9,0,0,0,3,0,75.0,100.0,25.0,25.0,0.0,point estimate on test set (no resampling)
Parabacteroides distasonis,chromosome,9,4,0,0,1,4,0,44.4444,80.0,44.4444,44.4444,11.1111,point estimate on test set (no resampling)
Parabacteroides distasonis,contig (WGS),42,21,0,0,2,19,0,50.0,91.3043,45.2381,45.2381,4.7619,point estimate on test set (no resampling)
Paracoccus denitrificans,chromosome,1,1,0,0,0,0,0,100.0,100.0,0.0,0.0,0.0,point estimate on test set (no resampling)
Parascardovia denticolens,contig (WGS),1,0,0,0,1,0,0,0.0,0.0,0.0,0.0,100.0,point estimate on test set (no resampling)
Pasteurella multocida,chromosome,43,41,0,0,0,2,0,95.3488,100.0,4.6512,4.6512,0.0,point estimate on test set (no resampling)
Pasteurella multocida,contig (WGS),66,39,0,0,7,20,0,59.0909,84.7826,30.303,30.303,10.6061,point estimate on test set (no resampling)
Pasteurella multocida,plasmid,2,1,0,0,0,1,0,50.0,100.0,50.0,50.0,0.0,point estimate on test set (no resampling)
Pectobacterium parmentieri,chromosome,12,12,0,0,0,0,0,100.0,100.0,0.0,0.0,0.0,point estimate on test set (no resampling)
Pectobacterium parmentieri,contig (WGS),10,10,0,0,0,0,0,100.0,100.0,0.0,0.0,0.0,point estimate on test set (no resampling)
Phocaeicola dorei,chromosome,3,2,0,0,0,1,0,66.6667,100.0,33.3333,33.3333,0.0,point estimate on test set (no resampling)
Phocaeicola dorei,contig (WGS),35,10,0,2,4,19,0,28.5714,62.5,54.2857,54.2857,11.4286,point estimate on test set (no resampling)
Phocaeicola massiliensis,contig (WGS),10,9,1,0,0,0,0,90.0,100.0,0.0,10.0,0.0,point estimate on test set (no resampling)
Phocaeicola vulgatus,chromosome,3,3,0,0,0,0,0,100.0,100.0,0.0,0.0,0.0,point estimate on test set (no resampling)
Phocaeicola vulgatus,contig (WGS),87,37,0,2,4,44,0,42.5287,86.0465,50.5747,50.5747,4.5977,point estimate on test set (no resampling)
Photobacterium profundum,contig (WGS),1,1,0,0,0,0,0,100.0,100.0,0.0,0.0,0.0,point estimate on test set (no resampling)
Photorhabdus asymbiotica,chromosome,2,1,0,0,0,0,1,50.0,100.0,0.0,50.0,0.0,point estimate on test set (no resampling)
Plesiomonas shigelloides,chromosome,12,11,0,0,0,1,0,91.6667,100.0,8.3333,8.3333,0.0,point estimate on test set (no resampling)
Plesiomonas shigelloides,contig (WGS),41,41,0,0,0,0,0,100.0,100.0,0.0,0.0,0.0,point estimate on test set (no resampling)
Plesiomonas shigelloides,plasmid,2,1,0,0,0,1,0,50.0,100.0,50.0,50.0,0.0,point estimate on test set (no resampling)
Porphyromonas gingivalis,chromosome,3,3,0,0,0,0,0,100.0,100.0,0.0,0.0,0.0,point estimate on test set (no resampling)
Porphyromonas gingivalis,contig (WGS),4,4,0,0,0,0,0,100.0,100.0,0.0,0.0,0.0,point estimate on test set (no resampling)
Prevotella bivia,contig (WGS),1,0,0,0,0,1,0,0.0,,100.0,100.0,0.0,point estimate on test set (no resampling)
Prevotella intermedia,contig (WGS),1,0,0,0,0,1,0,0.0,,100.0,100.0,0.0,point estimate on test set (no resampling)
Propionibacterium freudenreichii,chromosome,1,1,0,0,0,0,0,100.0,100.0,0.0,0.0,0.0,point estimate on test set (no resampling)
Propionibacterium freudenreichii,contig (WGS),1,1,0,0,0,0,0,100.0,100.0,0.0,0.0,0.0,point estimate on test set (no resampling)
Proteus columbae,chromosome,6,0,2,3,0,1,0,0.0,0.0,16.6667,50.0,0.0,point estimate on test set (no resampling)
Proteus columbae,contig (WGS),2,0,0,1,0,1,0,0.0,0.0,50.0,50.0,0.0,point estimate on test set (no resampling)
Proteus mirabilis,chromosome,120,101,2,0,3,14,0,84.1667,97.1154,11.6667,13.3333,2.5,point estimate on test set (no resampling)
Proteus mirabilis,contig (WGS),212,152,1,3,8,46,2,71.6981,93.2515,21.6981,23.1132,3.7736,point estimate on test set (no resampling)
Proteus mirabilis,plasmid,5,0,0,0,2,3,0,0.0,0.0,60.0,60.0,40.0,point estimate on test set (no resampling)
Proteus penneri,chromosome,3,1,1,0,0,1,0,33.3333,100.0,33.3333,66.6667,0.0,point estimate on test set (no resampling)
Proteus penneri,contig (WGS),8,5,2,0,0,1,0,62.5,100.0,12.5,37.5,0.0,point estimate on test set (no resampling)
Proteus penneri,plasmid,1,0,0,0,1,0,0,0.0,0.0,0.0,0.0,100.0,point estimate on test set (no resampling)
Proteus vulgaris,chromosome,24,12,3,2,0,5,2,50.0,85.7143,20.8333,41.6667,0.0,point estimate on test set (no resampling)
Proteus vulgaris,contig (WGS),30,22,4,0,2,2,0,73.3333,91.6667,6.6667,20.0,6.6667,point estimate on test set (no resampling)
Proteus vulgaris,plasmid,2,0,0,1,0,1,0,0.0,0.0,50.0,50.0,0.0,point estimate on test set (no resampling)
Providencia alcalifaciens,chromosome,22,16,4,2,0,0,0,72.7273,88.8889,0.0,18.1818,0.0,point estimate on test set (no resampling)
Providencia alcalifaciens,contig (WGS),25,21,3,0,0,1,0,84.0,100.0,4.0,16.0,0.0,point estimate on test set (no resampling)
Providencia heimbachae,chromosome,6,6,0,0,0,0,0,100.0,100.0,0.0,0.0,0.0,point estimate on test set (no resampling)
Providencia heimbachae,contig (WGS),2,2,0,0,0,0,0,100.0,100.0,0.0,0.0,0.0,point estimate on test set (no resampling)
Providencia rettgeri,chromosome,75,63,2,3,0,6,1,84.0,95.4545,8.0,12.0,0.0,point estimate on test set (no resampling)
Providencia rettgeri,contig (WGS),107,81,0,0,1,25,0,75.7009,98.7805,23.3645,23.3645,0.9346,point estimate on test set (no resampling)
Providencia rettgeri,plasmid,1,0,0,0,1,0,0,0.0,0.0,0.0,0.0,100.0,point estimate on test set (no resampling)
Providencia stuartii,chromosome,32,30,0,0,0,1,1,93.75,100.0,3.125,6.25,0.0,point estimate on test set (no resampling)
Providencia stuartii,contig (WGS),46,31,0,1,0,14,0,67.3913,96.875,30.4348,30.4348,0.0,point estimate on test set (no resampling)
Providencia stuartii,plasmid,2,0,0,0,1,1,0,0.0,0.0,50.0,50.0,50.0,point estimate on test set (no resampling)
Pseudomonas aeruginosa,chromosome,2160,2131,1,1,3,24,0,98.6574,99.8126,1.1111,1.1574,0.1389,point estimate on test set (no resampling)
Pseudomonas aeruginosa,contig (WGS),11128,10637,4,3,34,433,17,95.5877,99.6534,3.8911,4.0798,0.3055,point estimate on test set (no resampling)
Pseudomonas aeruginosa,plasmid,18,5,0,0,5,8,0,27.7778,50.0,44.4444,44.4444,27.7778,point estimate on test set (no resampling)
Pseudomonas brassicacearum,chromosome,8,4,2,0,0,2,0,50.0,100.0,25.0,50.0,0.0,point estimate on test set (no resampling)
Pseudomonas brassicacearum,contig (WGS),22,6,11,2,0,1,2,27.2727,75.0,4.5455,63.6364,0.0,point estimate on test set (no resampling)
Pseudomonas chlororaphis,chromosome,88,85,3,0,0,0,0,96.5909,100.0,0.0,3.4091,0.0,point estimate on test set (no resampling)
Pseudomonas chlororaphis,contig (WGS),46,33,6,2,0,4,1,71.7391,94.2857,8.6957,23.913,0.0,point estimate on test set (no resampling)
Pseudomonas fluorescens,chromosome,50,19,20,5,0,4,2,38.0,79.1667,8.0,52.0,0.0,point estimate on test set (no resampling)
Pseudomonas fluorescens,contig (WGS),257,121,99,12,0,23,2,47.0817,90.9774,8.9494,48.249,0.0,point estimate on test set (no resampling)
Pseudomonas koreensis,chromosome,4,0,4,0,0,0,0,0.0,,0.0,100.0,0.0,point estimate on test set (no resampling)
Pseudomonas koreensis,contig (WGS),23,3,16,3,0,1,0,13.0435,50.0,4.3478,73.913,0.0,point estimate on test set (no resampling)
Pseudomonas mendocina,chromosome,16,15,0,0,0,1,0,93.75,100.0,6.25,6.25,0.0,point estimate on test set (no resampling)
Pseudomonas mendocina,contig (WGS),14,8,1,1,0,4,0,57.1429,88.8889,28.5714,35.7143,0.0,point estimate on test set (no resampling)
Pseudomonas monteilii,chromosome,11,9,1,1,0,0,0,81.8182,90.0,0.0,9.0909,0.0,point estimate on test set (no resampling)
Pseudomonas monteilii,contig (WGS),22,9,3,5,1,4,0,40.9091,60.0,18.1818,31.8182,4.5455,point estimate on test set (no resampling)
Pseudomonas monteilii,plasmid,1,0,0,0,0,1,0,0.0,,100.0,100.0,0.0,point estimate on test set (no resampling)
Pseudomonas putida,chromosome,54,37,13,2,1,0,1,68.5185,92.5,0.0,25.9259,1.8519,point estimate on test set (no resampling)
Pseudomonas putida,contig (WGS),128,95,24,3,0,5,1,74.2188,96.9388,3.9062,23.4375,0.0,point estimate on test set (no resampling)
Pseudomonas stutzeri,chromosome,28,26,1,0,0,1,0,92.8571,100.0,3.5714,7.1429,0.0,point estimate on test set (no resampling)
Pseudomonas stutzeri,contig (WGS),86,66,3,1,1,15,0,76.7442,97.0588,17.4419,20.9302,1.1628,point estimate on test set (no resampling)
Pseudomonas synxantha,chromosome,13,8,4,1,0,0,0,61.5385,88.8889,0.0,30.7692,0.0,point estimate on test set (no resampling)
Pseudomonas synxantha,contig (WGS),7,3,4,0,0,0,0,42.8571,100.0,0.0,57.1429,0.0,point estimate on test set (no resampling)
Pseudomonas syringae,chromosome,33,32,0,1,0,0,0,96.9697,96.9697,0.0,0.0,0.0,point estimate on test set (no resampling)
Pseudomonas syringae,contig (WGS),204,178,7,5,0,11,3,87.2549,97.2678,5.3922,10.2941,0.0,point estimate on test set (no resampling)
Ralstonia mannitolilytica,chromosome,4,2,1,1,0,0,0,50.0,66.6667,0.0,25.0,0.0,point estimate on test set (no resampling)
Ralstonia mannitolilytica,contig (WGS),5,2,1,2,0,0,0,40.0,50.0,0.0,20.0,0.0,point estimate on test set (no resampling)
Ralstonia pickettii,chromosome,1,0,1,0,0,0,0,0.0,,0.0,100.0,0.0,point estimate on test set (no resampling)
Ralstonia pickettii,contig (WGS),16,11,5,0,0,0,0,68.75,100.0,0.0,31.25,0.0,point estimate on test set (no resampling)
Ralstonia solanacearum,chromosome,8,8,0,0,0,0,0,100.0,100.0,0.0,0.0,0.0,point estimate on test set (no resampling)
Ralstonia solanacearum,contig (WGS),31,27,2,1,0,1,0,87.0968,96.4286,3.2258,9.6774,0.0,point estimate on test set (no resampling)
Ralstonia solanacearum,plasmid,20,19,1,0,0,0,0,95.0,100.0,0.0,5.0,0.0,point estimate on test set (no resampling)
Raoultella planticola,chromosome,34,34,0,0,0,0,0,100.0,100.0,0.0,0.0,0.0,point estimate on test set (no resampling)
Raoultella planticola,contig (WGS),109,104,0,0,0,5,0,95.4128,100.0,4.5872,4.5872,0.0,point estimate on test set (no resampling)
Raoultella planticola,plasmid,1,0,0,0,0,1,0,0.0,,100.0,100.0,0.0,point estimate on test set (no resampling)
Rhizobium leguminosarum,chromosome,37,37,0,0,0,0,0,100.0,100.0,0.0,0.0,0.0,point estimate on test set (no resampling)
Rhizobium leguminosarum,contig (WGS),259,251,0,0,2,6,0,96.9112,99.2095,2.3166,2.3166,0.7722,point estimate on test set (no resampling)
Rhizobium leguminosarum,plasmid,2,2,0,0,0,0,0,100.0,100.0,0.0,0.0,0.0,point estimate on test set (no resampling)
Rhodanobacter glycinis,contig (WGS),1,1,0,0,0,0,0,100.0,100.0,0.0,0.0,0.0,point estimate on test set (no resampling)
Rhodococcus pyridinivorans,chromosome,2,1,0,0,0,1,0,50.0,100.0,50.0,50.0,0.0,point estimate on test set (no resampling)
Rhodococcus pyridinivorans,contig (WGS),1,1,0,0,0,0,0,100.0,100.0,0.0,0.0,0.0,point estimate on test set (no resampling)
Rhodococcus rhodochrous,chromosome,1,1,0,0,0,0,0,100.0,100.0,0.0,0.0,0.0,point estimate on test set (no resampling)
Rhodococcus rhodochrous,contig (WGS),3,2,0,1,0,0,0,66.6667,66.6667,0.0,0.0,0.0,point estimate on test set (no resampling)
Rhodopseudomonas palustris,chromosome,7,5,0,0,0,2,0,71.4286,100.0,28.5714,28.5714,0.0,point estimate on test set (no resampling)
Rhodopseudomonas palustris,contig (WGS),4,4,0,0,0,0,0,100.0,100.0,0.0,0.0,0.0,point estimate on test set (no resampling)
Riemerella anatipestifer,chromosome,12,11,0,0,1,0,0,91.6667,91.6667,0.0,0.0,8.3333,point estimate on test set (no resampling)
Riemerella anatipestifer,contig (WGS),27,13,0,0,1,12,1,48.1481,92.8571,44.4444,48.1481,3.7037,point estimate on test set (no resampling)
Roseburia hominis,chromosome,1,0,0,0,0,1,0,0.0,,100.0,100.0,0.0,point estimate on test set (no resampling)
Roseburia hominis,contig (WGS),1,0,0,0,1,0,0,0.0,0.0,0.0,0.0,100.0,point estimate on test set (no resampling)
Rothia mucilaginosa,contig (WGS),1,0,0,0,0,1,0,0.0,,100.0,100.0,0.0,point estimate on test set (no resampling)
Salmonella bongori,chromosome,49,43,6,0,0,0,0,87.7551,100.0,0.0,12.2449,0.0,point estimate on test set (no resampling)
Salmonella bongori,contig (WGS),24,20,4,0,0,0,0,83.3333,100.0,0.0,16.6667,0.0,point estimate on test set (no resampling)
Salmonella enterica,chromosome,1268,1247,1,0,1,19,0,98.3438,99.9199,1.4984,1.5773,0.0789,point estimate on test set (no resampling)
Salmonella enterica,contig (WGS),4290,3702,5,0,34,540,9,86.2937,99.0899,12.5874,12.9138,0.7925,point estimate on test set (no resampling)
Salmonella enterica,plasmid,46,1,0,0,4,41,0,2.1739,20.0,89.1304,89.1304,8.6957,point estimate on test set (no resampling)
Schaalia odontolytica,contig (WGS),1,0,0,0,0,1,0,0.0,,100.0,100.0,0.0,point estimate on test set (no resampling)
Serratia liquefaciens,chromosome,23,23,0,0,0,0,0,100.0,100.0,0.0,0.0,0.0,point estimate on test set (no resampling)
Serratia liquefaciens,contig (WGS),41,40,1,0,0,0,0,97.561,100.0,0.0,2.439,0.0,point estimate on test set (no resampling)
Serratia marcescens,chromosome,247,241,2,0,0,4,0,97.5709,100.0,1.6194,2.4291,0.0,point estimate on test set (no resampling)
Serratia marcescens,contig (WGS),632,556,1,0,23,51,1,87.9747,96.0276,8.0696,8.3861,3.6392,point estimate on test set (no resampling)
Serratia marcescens,plasmid,6,4,0,0,0,2,0,66.6667,100.0,33.3333,33.3333,0.0,point estimate on test set (no resampling)
Serratia odorifera,chromosome,2,0,2,0,0,0,0,0.0,,0.0,100.0,0.0,point estimate on test set (no resampling)
Serratia odorifera,contig (WGS),3,2,1,0,0,0,0,66.6667,100.0,0.0,33.3333,0.0,point estimate on test set (no resampling)
Serratia rubidaea,chromosome,17,17,0,0,0,0,0,100.0,100.0,0.0,0.0,0.0,point estimate on test set (no resampling)
Serratia rubidaea,contig (WGS),11,11,0,0,0,0,0,100.0,100.0,0.0,0.0,0.0,point estimate on test set (no resampling)
Shewanella putrefaciens,chromosome,11,10,0,0,0,1,0,90.9091,100.0,9.0909,9.0909,0.0,point estimate on test set (no resampling)
Shewanella putrefaciens,contig (WGS),7,7,0,0,0,0,0,100.0,100.0,0.0,0.0,0.0,point estimate on test set (no resampling)
Shewanella putrefaciens,plasmid,2,0,0,0,0,2,0,0.0,,100.0,100.0,0.0,point estimate on test set (no resampling)
Shigella boydii,chromosome,27,9,1,0,8,9,0,33.3333,52.9412,33.3333,37.037,29.6296,point estimate on test set (no resampling)
Shigella boydii,contig (WGS),174,35,1,9,39,90,0,20.1149,42.1687,51.7241,52.2989,22.4138,point estimate on test set (no resampling)
Shigella dysenteriae,chromosome,33,13,0,1,11,8,0,39.3939,52.0,24.2424,24.2424,33.3333,point estimate on test set (no resampling)
Shigella dysenteriae,contig (WGS),97,25,0,4,25,43,0,25.7732,46.2963,44.3299,44.3299,25.7732,point estimate on test set (no resampling)
Shigella flexneri,chromosome,93,30,0,0,30,33,0,32.2581,50.0,35.4839,35.4839,32.2581,point estimate on test set (no resampling)
Shigella flexneri,contig (WGS),343,123,2,3,25,190,0,35.8601,81.457,55.3936,55.9767,7.2886,point estimate on test set (no resampling)
Shigella flexneri,plasmid,2,0,0,0,0,2,0,0.0,,100.0,100.0,0.0,point estimate on test set (no resampling)
Shigella sonnei,chromosome,16,8,0,0,0,8,0,50.0,100.0,50.0,50.0,0.0,point estimate on test set (no resampling)
Shigella sonnei,contig (WGS),446,138,1,1,47,257,2,30.9417,74.1935,57.6233,58.296,10.5381,point estimate on test set (no resampling)
Shigella sonnei,plasmid,1,0,0,0,0,1,0,0.0,,100.0,100.0,0.0,point estimate on test set (no resampling)
Sphingobium yanoikuyae,chromosome,3,3,0,0,0,0,0,100.0,100.0,0.0,0.0,0.0,point estimate on test set (no resampling)
Sphingobium yanoikuyae,contig (WGS),6,5,0,0,0,1,0,83.3333,100.0,16.6667,16.6667,0.0,point estimate on test set (no resampling)
Staphylococcus arlettae,chromosome,6,6,0,0,0,0,0,100.0,100.0,0.0,0.0,0.0,point estimate on test set (no resampling)
Staphylococcus arlettae,contig (WGS),28,25,0,0,0,3,0,89.2857,100.0,10.7143,10.7143,0.0,point estimate on test set (no resampling)
Staphylococcus aureus,chromosome,497,445,0,0,1,51,0,89.5372,99.7758,10.2616,10.2616,0.2012,point estimate on test set (no resampling)
Staphylococcus aureus,contig (WGS),3309,2073,2,10,25,1194,5,62.6473,98.3397,36.0834,36.295,0.7555,point estimate on test set (no resampling)
Staphylococcus aureus,plasmid,166,49,0,4,0,113,0,29.5181,92.4528,68.0723,68.0723,0.0,point estimate on test set (no resampling)
Staphylococcus capitis,chromosome,5,5,0,0,0,0,0,100.0,100.0,0.0,0.0,0.0,point estimate on test set (no resampling)
Staphylococcus capitis,contig (WGS),44,32,1,0,0,11,0,72.7273,100.0,25.0,27.2727,0.0,point estimate on test set (no resampling)
Staphylococcus epidermidis,chromosome,39,35,0,0,0,4,0,89.7436,100.0,10.2564,10.2564,0.0,point estimate on test set (no resampling)
Staphylococcus epidermidis,contig (WGS),379,197,2,13,2,162,3,51.9789,92.9245,42.7441,44.0633,0.5277,point estimate on test set (no resampling)
Staphylococcus epidermidis,plasmid,12,3,0,0,0,9,0,25.0,100.0,75.0,75.0,0.0,point estimate on test set (no resampling)
Staphylococcus equorum,chromosome,11,11,0,0,0,0,0,100.0,100.0,0.0,0.0,0.0,point estimate on test set (no resampling)
Staphylococcus equorum,contig (WGS),30,23,0,1,0,6,0,76.6667,95.8333,20.0,20.0,0.0,point estimate on test set (no resampling)
Staphylococcus equorum,plasmid,1,0,0,0,0,1,0,0.0,,100.0,100.0,0.0,point estimate on test set (no resampling)
Staphylococcus haemolyticus,chromosome,10,6,0,0,0,4,0,60.0,100.0,40.0,40.0,0.0,point estimate on test set (no resampling)
Staphylococcus haemolyticus,contig (WGS),135,64,5,4,0,61,1,47.4074,94.1176,45.1852,49.6296,0.0,point estimate on test set (no resampling)
Staphylococcus haemolyticus,plasmid,1,0,0,0,0,1,0,0.0,,100.0,100.0,0.0,point estimate on test set (no resampling)
Staphylococcus hominis,chromosome,7,7,0,0,0,0,0,100.0,100.0,0.0,0.0,0.0,point estimate on test set (no resampling)
Staphylococcus hominis,contig (WGS),48,24,0,5,1,18,0,50.0,80.0,37.5,37.5,2.0833,point estimate on test set (no resampling)
Staphylococcus hominis,plasmid,2,0,0,0,0,2,0,0.0,,100.0,100.0,0.0,point estimate on test set (no resampling)
Staphylococcus intermedius,contig (WGS),1,0,0,0,0,1,0,0.0,,100.0,100.0,0.0,point estimate on test set (no resampling)
Staphylococcus lugdunensis,chromosome,3,2,0,1,0,0,0,66.6667,66.6667,0.0,0.0,0.0,point estimate on test set (no resampling)
Staphylococcus lugdunensis,contig (WGS),5,2,0,1,0,2,0,40.0,66.6667,40.0,40.0,0.0,point estimate on test set (no resampling)
Staphylococcus massiliensis,contig (WGS),2,2,0,0,0,0,0,100.0,100.0,0.0,0.0,0.0,point estimate on test set (no resampling)
Staphylococcus pasteuri,chromosome,1,1,0,0,0,0,0,100.0,100.0,0.0,0.0,0.0,point estimate on test set (no resampling)
Staphylococcus pasteuri,contig (WGS),11,7,1,2,0,1,0,63.6364,77.7778,9.0909,18.1818,0.0,point estimate on test set (no resampling)
Staphylococcus pasteuri,plasmid,2,0,0,0,0,2,0,0.0,,100.0,100.0,0.0,point estimate on test set (no resampling)
Staphylococcus pseudintermedius,chromosome,14,9,0,1,0,4,0,64.2857,90.0,28.5714,28.5714,0.0,point estimate on test set (no resampling)
Staphylococcus pseudintermedius,contig (WGS),128,16,1,2,2,105,2,12.5,80.0,82.0312,84.375,1.5625,point estimate on test set (no resampling)
Staphylococcus pseudintermedius,plasmid,1,0,0,0,0,1,0,0.0,,100.0,100.0,0.0,point estimate on test set (no resampling)
Staphylococcus saprophyticus,chromosome,9,9,0,0,0,0,0,100.0,100.0,0.0,0.0,0.0,point estimate on test set (no resampling)
Staphylococcus saprophyticus,contig (WGS),43,31,0,0,0,12,0,72.093,100.0,27.907,27.907,0.0,point estimate on test set (no resampling)
Staphylococcus saprophyticus,plasmid,2,0,0,1,0,1,0,0.0,0.0,50.0,50.0,0.0,point estimate on test set (no resampling)
Staphylococcus schleiferi,chromosome,2,2,0,0,0,0,0,100.0,100.0,0.0,0.0,0.0,point estimate on test set (no resampling)
Staphylococcus schleiferi,contig (WGS),2,2,0,0,0,0,0,100.0,100.0,0.0,0.0,0.0,point estimate on test set (no resampling)
Staphylococcus simulans,chromosome,7,6,0,0,0,1,0,85.7143,100.0,14.2857,14.2857,0.0,point estimate on test set (no resampling)
Staphylococcus simulans,contig (WGS),22,16,0,1,0,5,0,72.7273,94.1176,22.7273,22.7273,0.0,point estimate on test set (no resampling)
Staphylococcus warneri,chromosome,1,1,0,0,0,0,0,100.0,100.0,0.0,0.0,0.0,point estimate on test set (no resampling)
Staphylococcus warneri,contig (WGS),38,22,2,4,0,10,0,57.8947,84.6154,26.3158,31.5789,0.0,point estimate on test set (no resampling)
Staphylococcus warneri,plasmid,1,0,0,0,0,1,0,0.0,,100.0,100.0,0.0,point estimate on test set (no resampling)
Stenotrophomonas maltophilia,chromosome,153,152,0,0,0,1,0,99.3464,100.0,0.6536,0.6536,0.0,point estimate on test set (no resampling)
Stenotrophomonas maltophilia,contig (WGS),597,524,0,0,40,32,1,87.7722,92.9078,5.3601,5.5276,6.7002,point estimate on test set (no resampling)
Streptobacillus moniliformis,contig (WGS),2,0,0,0,0,2,0,0.0,,100.0,100.0,0.0,point estimate on test set (no resampling)
Streptococcus agalactiae,chromosome,15,7,0,3,0,5,0,46.6667,70.0,33.3333,33.3333,0.0,point estimate on test set (no resampling)
Streptococcus agalactiae,contig (WGS),99,55,1,5,0,38,0,55.5556,91.6667,38.3838,39.3939,0.0,point estimate on test set (no resampling)
Streptococcus anginosus,chromosome,1,0,0,0,0,1,0,0.0,,100.0,100.0,0.0,point estimate on test set (no resampling)
Streptococcus anginosus,contig (WGS),5,1,0,1,0,3,0,20.0,50.0,60.0,60.0,0.0,point estimate on test set (no resampling)
Streptococcus canis,chromosome,1,1,0,0,0,0,0,100.0,100.0,0.0,0.0,0.0,point estimate on test set (no resampling)
Streptococcus canis,contig (WGS),5,3,1,0,0,1,0,60.0,100.0,20.0,40.0,0.0,point estimate on test set (no resampling)
Streptococcus cristatus,chromosome,2,2,0,0,0,0,0,100.0,100.0,0.0,0.0,0.0,point estimate on test set (no resampling)
Streptococcus cristatus,contig (WGS),17,13,1,2,0,1,0,76.4706,86.6667,5.8824,11.7647,0.0,point estimate on test set (no resampling)
Streptococcus dysgalactiae,chromosome,19,13,3,1,0,2,0,68.4211,92.8571,10.5263,26.3158,0.0,point estimate on test set (no resampling)
Streptococcus dysgalactiae,contig (WGS),25,14,1,1,2,6,1,56.0,82.3529,24.0,32.0,8.0,point estimate on test set (no resampling)
Streptococcus dysgalactiae,plasmid,2,1,0,0,0,1,0,50.0,100.0,50.0,50.0,0.0,point estimate on test set (no resampling)
Streptococcus equi,chromosome,5,5,0,0,0,0,0,100.0,100.0,0.0,0.0,0.0,point estimate on test set (no resampling)
Streptococcus equi,contig (WGS),19,16,0,1,0,2,0,84.2105,94.1176,10.5263,10.5263,0.0,point estimate on test set (no resampling)
Streptococcus gallolyticus,chromosome,1,1,0,0,0,0,0,100.0,100.0,0.0,0.0,0.0,point estimate on test set (no resampling)
Streptococcus gallolyticus,contig (WGS),4,3,0,0,0,1,0,75.0,100.0,25.0,25.0,0.0,point estimate on test set (no resampling)
Streptococcus gordonii,chromosome,10,10,0,0,0,0,0,100.0,100.0,0.0,0.0,0.0,point estimate on test set (no resampling)
Streptococcus gordonii,contig (WGS),24,20,0,1,0,3,0,83.3333,95.2381,12.5,12.5,0.0,point estimate on test set (no resampling)
Streptococcus iniae,contig (WGS),1,0,0,0,1,0,0,0.0,0.0,0.0,0.0,100.0,point estimate on test set (no resampling)
Streptococcus iniae,plasmid,1,0,0,0,0,1,0,0.0,,100.0,100.0,0.0,point estimate on test set (no resampling)
Streptococcus intermedius,contig (WGS),2,0,0,0,0,2,0,0.0,,100.0,100.0,0.0,point estimate on test set (no resampling)
Streptococcus mitis,chromosome,8,3,3,0,0,2,0,37.5,100.0,25.0,62.5,0.0,point estimate on test set (no resampling)
Streptococcus mitis,contig (WGS),111,23,81,3,0,4,0,20.7207,88.4615,3.6036,76.5766,0.0,point estimate on test set (no resampling)
Streptococcus mutans,chromosome,7,7,0,0,0,0,0,100.0,100.0,0.0,0.0,0.0,point estimate on test set (no resampling)
Streptococcus mutans,contig (WGS),31,31,0,0,0,0,0,100.0,100.0,0.0,0.0,0.0,point estimate on test set (no resampling)
Streptococcus pasteurianus,contig (WGS),5,0,0,1,1,3,0,0.0,0.0,60.0,60.0,20.0,point estimate on test set (no resampling)
Streptococcus pneumoniae,chromosome,112,102,2,0,0,8,0,91.0714,100.0,7.1429,8.9286,0.0,point estimate on test set (no resampling)
Streptococcus pneumoniae,contig (WGS),642,483,30,7,5,116,1,75.2336,97.5758,18.0685,22.8972,0.7788,point estimate on test set (no resampling)
Streptococcus porcinus,chromosome,2,0,1,0,0,1,0,0.0,,50.0,100.0,0.0,point estimate on test set (no resampling)
Streptococcus pseudopneumoniae,chromosome,1,1,0,0,0,0,0,100.0,100.0,0.0,0.0,0.0,point estimate on test set (no resampling)
Streptococcus pseudopneumoniae,contig (WGS),70,35,23,6,0,6,0,50.0,85.3659,8.5714,41.4286,0.0,point estimate on test set (no resampling)
Streptococcus pseudoporcinus,chromosome,1,1,0,0,0,0,0,100.0,100.0,0.0,0.0,0.0,point estimate on test set (no resampling)
Streptococcus pyogenes,chromosome,67,64,1,1,0,1,0,95.5224,98.4615,1.4925,2.9851,0.0,point estimate on test set (no resampling)
Streptococcus pyogenes,contig (WGS),142,117,2,1,3,19,0,82.3944,96.6942,13.3803,14.7887,2.1127,point estimate on test set (no resampling)
Streptococcus pyogenes,plasmid,1,0,0,0,0,1,0,0.0,,100.0,100.0,0.0,point estimate on test set (no resampling)
Streptococcus sanguinis,chromosome,6,6,0,0,0,0,0,100.0,100.0,0.0,0.0,0.0,point estimate on test set (no resampling)
Streptococcus sanguinis,contig (WGS),42,30,6,0,0,6,0,71.4286,100.0,14.2857,28.5714,0.0,point estimate on test set (no resampling)
Streptococcus sobrinus,chromosome,1,1,0,0,0,0,0,100.0,100.0,0.0,0.0,0.0,point estimate on test set (no resampling)
Streptococcus sobrinus,contig (WGS),18,18,0,0,0,0,0,100.0,100.0,0.0,0.0,0.0,point estimate on test set (no resampling)
Streptococcus suis,chromosome,37,21,1,2,3,10,0,56.7568,80.7692,27.027,29.7297,8.1081,point estimate on test set (no resampling)
Streptococcus suis,contig (WGS),350,144,0,2,19,184,1,41.1429,87.2727,52.5714,52.8571,5.4286,point estimate on test set (no resampling)
Streptococcus uberis,chromosome,5,5,0,0,0,0,0,100.0,100.0,0.0,0.0,0.0,point estimate on test set (no resampling)
Streptococcus uberis,contig (WGS),26,26,0,0,0,0,0,100.0,100.0,0.0,0.0,0.0,point estimate on test set (no resampling)
Thalassospira indica,chromosome,1,0,0,0,0,1,0,0.0,,100.0,100.0,0.0,point estimate on test set (no resampling)
Trueperella pyogenes,chromosome,2,0,0,0,0,2,0,0.0,,100.0,100.0,0.0,point estimate on test set (no resampling)
Trueperella pyogenes,contig (WGS),3,1,0,0,1,1,0,33.3333,50.0,33.3333,33.3333,33.3333,point estimate on test set (no resampling)
Vibrio alginolyticus,chromosome,52,47,2,0,0,2,1,90.3846,100.0,3.8462,9.6154,0.0,point estimate on test set (no resampling)
Vibrio alginolyticus,contig (WGS),160,125,12,2,1,18,2,78.125,97.6562,11.25,20.0,0.625,point estimate on test set (no resampling)
Vibrio cholerae,chromosome,82,79,0,0,0,3,0,96.3415,100.0,3.6585,3.6585,0.0,point estimate on test set (no resampling)
Vibrio cholerae,contig (WGS),388,313,9,3,9,54,0,80.6701,96.3077,13.9175,16.2371,2.3196,point estimate on test set (no resampling)
Vibrio cholerae,plasmid,2,0,0,0,0,2,0,0.0,,100.0,100.0,0.0,point estimate on test set (no resampling)
Vibrio fluvialis,chromosome,25,25,0,0,0,0,0,100.0,100.0,0.0,0.0,0.0,point estimate on test set (no resampling)
Vibrio fluvialis,contig (WGS),62,57,0,1,0,4,0,91.9355,98.2759,6.4516,6.4516,0.0,point estimate on test set (no resampling)
Vibrio harveyi,chromosome,13,13,0,0,0,0,0,100.0,100.0,0.0,0.0,0.0,point estimate on test set (no resampling)
Vibrio harveyi,contig (WGS),45,39,4,1,0,1,0,86.6667,97.5,2.2222,11.1111,0.0,point estimate on test set (no resampling)
Vibrio harveyi,plasmid,1,0,0,1,0,0,0,0.0,0.0,0.0,0.0,0.0,point estimate on test set (no resampling)
Vibrio metoecus,chromosome,9,5,4,0,0,0,0,55.5556,100.0,0.0,44.4444,0.0,point estimate on test set (no resampling)
Vibrio metoecus,contig (WGS),13,8,4,1,0,0,0,61.5385,88.8889,0.0,30.7692,0.0,point estimate on test set (no resampling)
Vibrio mimicus,chromosome,11,10,1,0,0,0,0,90.9091,100.0,0.0,9.0909,0.0,point estimate on test set (no resampling)
Vibrio mimicus,contig (WGS),11,10,1,0,0,0,0,90.9091,100.0,0.0,9.0909,0.0,point estimate on test set (no resampling)
Vibrio owensii,chromosome,10,8,2,0,0,0,0,80.0,100.0,0.0,20.0,0.0,point estimate on test set (no resampling)
Vibrio owensii,contig (WGS),21,7,14,0,0,0,0,33.3333,100.0,0.0,66.6667,0.0,point estimate on test set (no resampling)
Vibrio parahaemolyticus,chromosome,183,174,6,0,0,3,0,95.082,100.0,1.6393,4.918,0.0,point estimate on test set (no resampling)
Vibrio parahaemolyticus,contig (WGS),1094,870,15,9,6,192,2,79.5247,98.3051,17.5503,19.1042,0.5484,point estimate on test set (no resampling)
Vibrio vulnificus,chromosome,33,33,0,0,0,0,0,100.0,100.0,0.0,0.0,0.0,point estimate on test set (no resampling)
Vibrio vulnificus,contig (WGS),171,157,1,1,8,4,0,91.8129,94.5783,2.3392,2.924,4.6784,point estimate on test set (no resampling)
