resistance_mechanism,genomic_type,n,correct_species,genus_only,wrong_species_right_genus,erroneous,unclassified,rejected,recall,precision,unclassified_pct,abstained_pct,erroneous_pct,estimator
antibiotic efflux,chromosome,12182,10802,329,93,56,890,12,88.6718,98.6394,7.3059,10.1051,0.4597,point estimate on test set (no resampling)
antibiotic efflux,contig (WGS),52198,42339,1230,327,666,7561,75,81.1123,97.7084,14.4852,16.9853,1.2759,point estimate on test set (no resampling)
antibiotic efflux,plasmid,262,79,9,1,13,160,0,30.1527,84.9462,61.0687,64.5038,4.9618,point estimate on test set (no resampling)
antibiotic inactivation,chromosome,1417,1119,45,23,17,209,4,78.9697,96.5487,14.7495,18.2075,1.1997,point estimate on test set (no resampling)
antibiotic inactivation,contig (WGS),9735,3983,182,133,220,5158,59,40.9142,91.8589,52.9841,55.4597,2.2599,point estimate on test set (no resampling)
antibiotic inactivation,plasmid,498,80,1,5,34,378,0,16.0643,67.2269,75.9036,76.1044,6.8273,point estimate on test set (no resampling)
antibiotic target alteration,chromosome,4623,4022,119,34,27,420,1,86.9998,98.506,9.085,11.6807,0.584,point estimate on test set (no resampling)
antibiotic target alteration,contig (WGS),20153,15360,317,112,149,4198,17,76.2169,98.3292,20.8306,22.488,0.7393,point estimate on test set (no resampling)
antibiotic target alteration,plasmid,115,28,1,0,6,80,0,24.3478,82.3529,69.5652,70.4348,5.2174,point estimate on test set (no resampling)
antibiotic target protection,chromosome,257,153,14,10,8,72,0,59.5331,89.4737,28.0156,33.463,3.1128,point estimate on test set (no resampling)
antibiotic target protection,contig (WGS),1858,657,52,56,58,1029,6,35.3606,85.214,55.3821,58.5038,3.1216,point estimate on test set (no resampling)
antibiotic target protection,plasmid,95,39,0,11,2,42,1,41.0526,75.0,44.2105,45.2632,2.1053,point estimate on test set (no resampling)
antibiotic target replacement,chromosome,182,132,1,4,4,41,0,72.5275,94.2857,22.5275,23.0769,2.1978,point estimate on test set (no resampling)
antibiotic target replacement,contig (WGS),2014,872,6,3,38,1087,8,43.2969,95.5093,53.9722,54.6673,1.8868,point estimate on test set (no resampling)
antibiotic target replacement,plasmid,105,11,0,1,9,84,0,10.4762,52.381,80.0,80.0,8.5714,point estimate on test set (no resampling)
reduced permeability to antibiotic,chromosome,403,369,10,3,1,20,0,91.5633,98.9276,4.9628,7.4442,0.2481,point estimate on test set (no resampling)
reduced permeability to antibiotic,contig (WGS),1274,1090,29,11,14,122,8,85.5573,97.7578,9.5761,12.4804,1.0989,point estimate on test set (no resampling)
