drug_class,genomic_type,n,correct_species,genus_only,wrong_species_right_genus,erroneous,unclassified,rejected,recall,precision,unclassified_pct,abstained_pct,erroneous_pct,estimator
(unannotated),chromosome,929,810,52,8,4,54,1,87.1905,98.5401,5.8127,11.5178,0.4306,point estimate on test set (no resampling)
(unannotated),contig (WGS),3029,2458,152,56,30,331,2,81.1489,96.6195,10.9277,16.0119,0.9904,point estimate on test set (no resampling)
(unannotated),plasmid,5,3,0,0,0,2,0,60.0,100.0,40.0,40.0,0.0,point estimate on test set (no resampling)
acridine dye,chromosome,149,137,4,0,0,8,0,91.9463,100.0,5.3691,8.0537,0.0,point estimate on test set (no resampling)
acridine dye,contig (WGS),812,712,7,2,3,88,0,87.6847,99.3026,10.8374,11.6995,0.3695,point estimate on test set (no resampling)
aminocoumarin antibiotic,chromosome,1951,1722,58,15,10,146,0,88.2624,98.569,7.4833,10.4562,0.5126,point estimate on test set (no resampling)
aminocoumarin antibiotic,contig (WGS),8757,7369,137,47,121,1070,13,84.1498,97.771,12.2188,13.9317,1.3818,point estimate on test set (no resampling)
aminocoumarin antibiotic,plasmid,3,2,1,0,0,0,0,66.6667,100.0,0.0,33.3333,0.0,point estimate on test set (no resampling)
aminoglycoside antibiotic,chromosome,2412,2144,34,24,15,190,5,88.8889,98.2135,7.8773,9.4942,0.6219,point estimate on test set (no resampling)
aminoglycoside antibiotic,contig (WGS),11525,7660,122,55,206,3449,33,66.4642,96.705,29.9262,31.2711,1.7874,point estimate on test set (no resampling)
aminoglycoside antibiotic,plasmid,268,47,2,3,13,203,0,17.5373,74.6032,75.7463,76.4925,4.8507,point estimate on test set (no resampling)
antibacterial free fatty acids,chromosome,32,31,0,1,0,0,0,96.875,96.875,0.0,0.0,0.0,point estimate on test set (no resampling)
antibacterial free fatty acids,contig (WGS),163,160,1,1,0,1,0,98.1595,99.3789,0.6135,1.227,0.0,point estimate on test set (no resampling)
carbapenem,chromosome,1870,1743,34,10,3,77,3,93.2086,99.2597,4.1176,6.0963,0.1604,point estimate on test set (no resampling)
carbapenem,contig (WGS),7537,6358,96,36,101,917,29,84.3572,97.8907,12.1666,13.8251,1.3401,point estimate on test set (no resampling)
carbapenem,plasmid,70,9,0,1,10,50,0,12.8571,45.0,71.4286,71.4286,14.2857,point estimate on test set (no resampling)
cephalosporin,chromosome,4427,3903,97,42,21,355,9,88.1635,98.4115,8.019,10.4134,0.4744,point estimate on test set (no resampling)
cephalosporin,contig (WGS),18123,13979,299,133,211,3452,49,77.134,97.5983,19.0476,20.9678,1.1643,point estimate on test set (no resampling)
cephalosporin,plasmid,156,22,1,1,18,114,0,14.1026,53.6585,73.0769,73.7179,11.5385,point estimate on test set (no resampling)
cephamycin,chromosome,2138,1899,39,16,16,167,1,88.8213,98.3428,7.811,9.6819,0.7484,point estimate on test set (no resampling)
cephamycin,contig (WGS),8781,7399,115,26,98,1122,21,84.2615,98.3517,12.7776,14.3264,1.116,point estimate on test set (no resampling)
cephamycin,plasmid,20,7,0,0,2,11,0,35.0,77.7778,55.0,55.0,10.0,point estimate on test set (no resampling)
diaminopyrimidine antibiotic,chromosome,1119,1055,9,4,1,48,2,94.2806,99.5283,4.2895,5.2726,0.0894,point estimate on test set (no resampling)
diaminopyrimidine antibiotic,contig (WGS),5565,4784,29,13,80,645,14,85.9659,98.0931,11.5903,12.363,1.4376,point estimate on test set (no resampling)
diaminopyrimidine antibiotic,plasmid,38,4,0,0,3,31,0,10.5263,57.1429,81.5789,81.5789,7.8947,point estimate on test set (no resampling)
disinfecting agents and antiseptics,chromosome,3582,3218,53,28,12,263,8,89.8381,98.7723,7.3423,9.0452,0.335,point estimate on test set (no resampling)
disinfecting agents and antiseptics,contig (WGS),14327,11939,139,95,200,1931,23,83.3322,97.5887,13.478,14.6088,1.396,point estimate on test set (no resampling)
disinfecting agents and antiseptics,plasmid,34,9,1,0,2,22,0,26.4706,81.8182,64.7059,67.6471,5.8824,point estimate on test set (no resampling)
elfamycin antibiotic,chromosome,945,706,28,10,10,191,0,74.709,97.2452,20.2116,23.1746,1.0582,point estimate on test set (no resampling)
elfamycin antibiotic,contig (WGS),6111,3647,37,26,33,2368,0,59.6793,98.408,38.7498,39.3553,0.54,point estimate on test set (no resampling)
elfamycin antibiotic,plasmid,1,1,0,0,0,0,0,100.0,100.0,0.0,0.0,0.0,point estimate on test set (no resampling)
fluoroquinolone antibiotic,chromosome,7219,6373,243,53,32,513,5,88.2809,98.6838,7.1062,10.5416,0.4433,point estimate on test set (no resampling)
fluoroquinolone antibiotic,contig (WGS),30891,25216,946,169,365,4141,54,81.629,97.9262,13.4052,16.6424,1.1816,point estimate on test set (no resampling)
fluoroquinolone antibiotic,plasmid,89,44,5,1,3,36,0,49.4382,91.6667,40.4494,46.0674,3.3708,point estimate on test set (no resampling)
glycopeptide antibiotic,chromosome,29,17,1,3,1,7,0,58.6207,80.9524,24.1379,27.5862,3.4483,point estimate on test set (no resampling)
glycopeptide antibiotic,contig (WGS),239,87,3,13,5,129,2,36.4017,82.8571,53.9749,56.0669,2.0921,point estimate on test set (no resampling)
glycopeptide antibiotic,plasmid,27,9,1,0,1,16,0,33.3333,90.0,59.2593,62.963,3.7037,point estimate on test set (no resampling)
glycylcycline,chromosome,1398,1183,32,14,6,161,2,84.6209,98.3375,11.5165,13.9485,0.4292,point estimate on test set (no resampling)
glycylcycline,contig (WGS),5318,3891,92,43,81,1195,16,73.1666,96.9116,22.4709,24.5017,1.5231,point estimate on test set (no resampling)
glycylcycline,plasmid,16,1,0,0,3,12,0,6.25,25.0,75.0,75.0,18.75,point estimate on test set (no resampling)
lincosamide antibiotic,chromosome,397,350,12,1,3,30,1,88.1612,98.8701,7.5567,10.8312,0.7557,point estimate on test set (no resampling)
lincosamide antibiotic,contig (WGS),2245,1422,29,21,31,732,10,63.3408,96.4722,32.6058,34.343,1.3808,point estimate on test set (no resampling)
lincosamide antibiotic,plasmid,71,12,0,2,2,54,1,16.9014,75.0,76.0563,77.4648,2.8169,point estimate on test set (no resampling)
macrolide antibiotic,chromosome,3410,3048,46,23,15,273,5,89.3842,98.7686,8.0059,9.5015,0.4399,point estimate on test set (no resampling)
macrolide antibiotic,contig (WGS),15934,12829,162,72,229,2613,29,80.5134,97.7075,16.3989,17.5976,1.4372,point estimate on test set (no resampling)
macrolide antibiotic,plasmid,101,20,0,2,3,75,1,19.802,80.0,74.2574,75.2475,2.9703,point estimate on test set (no resampling)
monobactam,chromosome,950,905,10,4,1,30,0,95.2632,99.4505,3.1579,4.2105,0.1053,point estimate on test set (no resampling)
monobactam,contig (WGS),4728,3924,27,13,56,691,17,82.9949,98.272,14.6151,15.5457,1.1844,point estimate on test set (no resampling)
monobactam,plasmid,62,7,0,0,6,49,0,11.2903,53.8462,79.0323,79.0323,9.6774,point estimate on test set (no resampling)
nitrofuran antibiotic,chromosome,145,126,3,2,0,14,0,86.8966,98.4375,9.6552,11.7241,0.0,point estimate on test set (no resampling)
nitrofuran antibiotic,contig (WGS),601,405,16,7,18,152,3,67.3877,94.186,25.2912,28.4526,2.995,point estimate on test set (no resampling)
nitrofuran antibiotic,plasmid,10,0,0,0,2,8,0,0.0,0.0,80.0,80.0,20.0,point estimate on test set (no resampling)
nitroimidazole antibiotic,chromosome,558,532,8,2,0,15,1,95.3405,99.6255,2.6882,4.3011,0.0,point estimate on test set (no resampling)
nitroimidazole antibiotic,contig (WGS),2237,2097,31,16,13,79,1,93.7416,98.6359,3.5315,4.962,0.5811,point estimate on test set (no resampling)
nitroimidazole antibiotic,plasmid,1,0,0,0,0,1,0,0.0,,100.0,100.0,0.0,point estimate on test set (no resampling)
nucleoside antibiotic,chromosome,454,400,5,0,2,47,0,88.1057,99.5025,10.3524,11.4537,0.4405,point estimate on test set (no resampling)
nucleoside antibiotic,contig (WGS),2414,1850,10,9,42,501,2,76.6363,97.3172,20.7539,21.251,1.7399,point estimate on test set (no resampling)
nucleoside antibiotic,plasmid,3,0,0,0,0,3,0,0.0,,100.0,100.0,0.0,point estimate on test set (no resampling)
oxazolidinone antibiotic,chromosome,79,66,2,0,2,9,0,83.5443,97.0588,11.3924,13.9241,2.5316,point estimate on test set (no resampling)
oxazolidinone antibiotic,contig (WGS),531,308,2,5,7,207,2,58.0038,96.25,38.9831,39.7363,1.3183,point estimate on test set (no resampling)
oxazolidinone antibiotic,plasmid,30,8,0,6,2,13,1,26.6667,50.0,43.3333,46.6667,6.6667,point estimate on test set (no resampling)
penam,chromosome,4423,3818,84,36,27,453,5,86.3215,98.3767,10.2419,12.2541,0.6104,point estimate on test set (no resampling)
penam,contig (WGS),19764,14680,231,102,272,4428,51,74.2765,97.5156,22.4044,23.8312,1.3762,point estimate on test set (no resampling)
penam,plasmid,161,35,1,2,14,109,0,21.7391,68.6275,67.7019,68.323,8.6957,point estimate on test set (no resampling)
penem,chromosome,1245,1134,26,16,3,64,2,91.0843,98.3521,5.1406,7.3896,0.241,point estimate on test set (no resampling)
penem,contig (WGS),5209,4111,85,56,70,868,19,78.9211,97.0262,16.6635,18.66,1.3438,point estimate on test set (no resampling)
penem,plasmid,63,11,1,0,5,46,0,17.4603,68.75,73.0159,74.6032,7.9365,point estimate on test set (no resampling)
peptide antibiotic,chromosome,2141,1989,19,12,8,108,5,92.9005,99.0045,5.0444,6.1653,0.3737,point estimate on test set (no resampling)
peptide antibiotic,contig (WGS),7194,6175,61,40,94,815,9,85.8354,97.8761,11.3289,12.3019,1.3066,point estimate on test set (no resampling)
peptide antibiotic,plasmid,23,6,0,0,2,15,0,26.087,75.0,65.2174,65.2174,8.6957,point estimate on test set (no resampling)
phenicol antibiotic,chromosome,2758,2476,41,14,13,210,4,89.7752,98.9213,7.6142,9.2458,0.4714,point estimate on test set (no resampling)
phenicol antibiotic,contig (WGS),12416,10172,88,43,174,1908,31,81.9265,97.9113,15.3673,16.3257,1.4014,point estimate on test set (no resampling)
phenicol antibiotic,plasmid,93,18,0,7,6,61,1,19.3548,58.0645,65.5914,66.6667,6.4516,point estimate on test set (no resampling)
pleuromutilin antibiotic,chromosome,58,51,1,0,1,5,0,87.931,98.0769,8.6207,10.3448,1.7241,point estimate on test set (no resampling)
pleuromutilin antibiotic,contig (WGS),422,222,1,4,5,188,2,52.6066,96.1039,44.5498,45.2607,1.1848,point estimate on test set (no resampling)
pleuromutilin antibiotic,plasmid,25,5,0,6,1,12,1,20.0,41.6667,48.0,52.0,4.0,point estimate on test set (no resampling)
polyamine antibiotic,chromosome,30,30,0,0,0,0,0,100.0,100.0,0.0,0.0,0.0,point estimate on test set (no resampling)
polyamine antibiotic,contig (WGS),132,131,0,0,0,1,0,99.2424,100.0,0.7576,0.7576,0.0,point estimate on test set (no resampling)
rifamycin antibiotic,chromosome,1794,1560,38,19,6,165,6,86.9565,98.4227,9.1973,11.6499,0.3344,point estimate on test set (no resampling)
rifamycin antibiotic,contig (WGS),6183,4808,99,46,68,1147,15,77.7616,97.6839,18.5509,20.3946,1.0998,point estimate on test set (no resampling)
rifamycin antibiotic,plasmid,8,2,0,0,0,6,0,25.0,100.0,75.0,75.0,0.0,point estimate on test set (no resampling)
streptogramin A antibiotic,chromosome,64,42,0,0,2,20,0,65.625,95.4545,31.25,31.25,3.125,point estimate on test set (no resampling)
streptogramin A antibiotic,contig (WGS),638,169,1,10,16,441,1,26.489,86.6667,69.1223,69.4357,2.5078,point estimate on test set (no resampling)
streptogramin A antibiotic,plasmid,51,6,0,4,2,39,0,11.7647,50.0,76.4706,76.4706,3.9216,point estimate on test set (no resampling)
streptogramin B antibiotic,chromosome,71,54,0,0,2,15,0,76.0563,96.4286,21.1268,21.1268,2.8169,point estimate on test set (no resampling)
streptogramin B antibiotic,contig (WGS),767,250,1,9,14,492,1,32.5945,91.5751,64.146,64.4068,1.8253,point estimate on test set (no resampling)
streptogramin B antibiotic,plasmid,52,7,0,1,1,43,0,13.4615,77.7778,82.6923,82.6923,1.9231,point estimate on test set (no resampling)
streptogramin antibiotic,chromosome,157,123,4,2,3,25,0,78.3439,96.0938,15.9236,18.4713,1.9108,point estimate on test set (no resampling)
streptogramin antibiotic,contig (WGS),1040,373,5,16,18,625,3,35.8654,91.6462,60.0962,60.8654,1.7308,point estimate on test set (no resampling)
streptogramin antibiotic,plasmid,73,11,0,6,2,53,1,15.0685,57.8947,72.6027,73.9726,2.7397,point estimate on test set (no resampling)
sulfonamide antibiotic,chromosome,243,212,0,1,3,27,0,87.2428,98.1481,11.1111,11.1111,1.2346,point estimate on test set (no resampling)
sulfonamide antibiotic,contig (WGS),1923,1242,0,1,44,629,7,64.5866,96.5035,32.7093,33.0733,2.2881,point estimate on test set (no resampling)
sulfonamide antibiotic,plasmid,78,8,0,1,8,61,0,10.2564,47.0588,78.2051,78.2051,10.2564,point estimate on test set (no resampling)
tetracycline antibiotic,chromosome,5775,5061,179,53,23,453,6,87.6364,98.5205,7.8442,11.0476,0.3983,point estimate on test set (no resampling)
tetracycline antibiotic,contig (WGS),25755,20226,663,191,343,4292,40,78.5323,97.4277,16.6647,19.3943,1.3318,point estimate on test set (no resampling)
tetracycline antibiotic,plasmid,238,88,7,4,10,128,1,36.9748,86.2745,53.7815,57.1429,4.2017,point estimate on test set (no resampling)
