k,n,correct_species,genus_only,wrong_species_right_genus,erroneous,unclassified,rejected,species_calls,sp_precision,sp_precision_lo,sp_precision_hi,sp_recall,sp_recall_lo,sp_recall_hi,sp_f1,sp_f1_lo,sp_f1_hi,gn_precision,gn_precision_lo,gn_precision_hi,gn_recall,gn_recall_lo,gn_recall_hi,gn_f1,gn_f1_lo,gn_f1_hi,call_rate,call_rate_lo,call_rate_hi,abstention,abstention_lo,abstention_hi,bootstrap_draws,bootstrap_unit,library
4,103389,0,0,0,0,103389,0,0,0.0,0.0,0.0,0.0,0.0,0.0,0.0,0.0,0.0,0.0,0.0,0.0,0.0,0.0,0.0,0.0,0.0,0.0,0.0,0.0,0.0,100.0,100.0,100.0,2000,allele (unstratified),"size_test (card_database_v3.2.6_all, k=4-100); k=61 == Figure 1"
5,103389,0,0,0,0,103389,0,0,0.0,0.0,0.0,0.0,0.0,0.0,0.0,0.0,0.0,0.0,0.0,0.0,0.0,0.0,0.0,0.0,0.0,0.0,0.0,0.0,0.0,100.0,100.0,100.0,2000,allele (unstratified),"size_test (card_database_v3.2.6_all, k=4-100); k=61 == Figure 1"
6,103389,0,0,0,0,103389,0,0,0.0,0.0,0.0,0.0,0.0,0.0,0.0,0.0,0.0,0.0,0.0,0.0,0.0,0.0,0.0,0.0,0.0,0.0,0.0,0.0,0.0,100.0,100.0,100.0,2000,allele (unstratified),"size_test (card_database_v3.2.6_all, k=4-100); k=61 == Figure 1"
7,103389,0,0,0,0,103389,0,0,0.0,0.0,0.0,0.0,0.0,0.0,0.0,0.0,0.0,0.0,0.0,0.0,0.0,0.0,0.0,0.0,0.0,0.0,0.0,0.0,0.0,100.0,100.0,100.0,2000,allele (unstratified),"size_test (card_database_v3.2.6_all, k=4-100); k=61 == Figure 1"
8,103389,0,0,0,0,103389,0,0,0.0,0.0,0.0,0.0,0.0,0.0,0.0,0.0,0.0,0.0,0.0,0.0,0.0,0.0,0.0,0.0,0.0,0.0,0.0,0.0,0.0,100.0,100.0,100.0,2000,allele (unstratified),"size_test (card_database_v3.2.6_all, k=4-100); k=61 == Figure 1"
9,103389,0,0,0,0,103389,0,0,0.0,0.0,0.0,0.0,0.0,0.0,0.0,0.0,0.0,0.0,0.0,0.0,0.0,0.0,0.0,0.0,0.0,0.0,0.0,0.0,0.0,100.0,100.0,100.0,2000,allele (unstratified),"size_test (card_database_v3.2.6_all, k=4-100); k=61 == Figure 1"
10,103389,1218,0,1,0,102170,0,1219,99.918,99.7449,100.0,1.1781,1.1152,1.2477,2.3287,2.2058,2.4647,100.0,100.0,100.0,1.179,1.1162,1.2487,2.3306,2.2077,2.4666,1.179,1.1162,1.2487,98.821,98.7513,98.8838,2000,allele (unstratified),"size_test (card_database_v3.2.6_all, k=4-100); k=61 == Figure 1"
11,103389,35502,12,250,133,67492,0,35885,98.9327,98.8273,99.0385,34.3383,34.051,34.6313,50.9815,50.6646,51.3069,99.6295,99.5637,99.6901,34.5917,34.3024,34.8819,51.3533,51.0337,51.6729,34.7087,34.4282,35.0038,65.2913,64.9962,65.5718,2000,allele (unstratified),"size_test (card_database_v3.2.6_all, k=4-100); k=61 == Figure 1"
12,103389,58089,387,570,473,43870,0,59132,98.2361,98.1331,98.3408,56.1849,55.8744,56.4916,71.4849,71.2246,71.7394,99.2053,99.1347,99.2764,57.1105,56.7971,57.4162,72.49,72.2363,72.7378,57.1937,56.8832,57.5032,42.8063,42.4968,43.1168,2000,allele (unstratified),"size_test (card_database_v3.2.6_all, k=4-100); k=61 == Figure 1"
13,103389,66977,1078,690,840,33792,12,68507,97.7667,97.6624,97.8797,64.7816,64.4865,65.0718,77.9274,77.7005,78.1488,98.7928,98.7132,98.8716,66.4916,66.1956,66.7808,79.4859,79.2723,79.7027,66.2614,65.9673,66.5468,33.7386,33.4532,34.0327,2000,allele (unstratified),"size_test (card_database_v3.2.6_all, k=4-100); k=61 == Figure 1"
14,103389,70021,1580,749,1051,29937,51,71821,97.4938,97.3816,97.6047,67.7258,67.4269,68.0131,79.9281,79.7118,80.1371,98.5681,98.4812,98.6518,69.9784,69.6901,70.2628,81.8485,81.6374,82.0511,69.4668,69.1746,69.7521,30.5332,30.2479,30.8254,2000,allele (unstratified),"size_test (card_database_v3.2.6_all, k=4-100); k=61 == Figure 1"
15,103389,70735,1830,751,1110,28849,114,72596,97.4365,97.3233,97.5477,68.4164,68.1204,68.6988,80.3875,80.1727,80.5949,98.5086,98.4235,98.595,70.9128,70.6197,71.1875,82.4632,82.2587,82.6549,70.2164,69.9204,70.4988,29.7836,29.5012,30.0796,2000,allele (unstratified),"size_test (card_database_v3.2.6_all, k=4-100); k=61 == Figure 1"
16,103389,71364,1997,769,1161,27984,114,73294,97.3668,97.2509,97.4846,69.0248,68.7288,69.3033,80.782,80.5703,80.9845,98.458,98.3689,98.5452,71.7001,71.4138,71.9757,82.9752,82.7719,83.1628,70.8915,70.6003,71.172,29.1085,28.828,29.3997,2000,allele (unstratified),"size_test (card_database_v3.2.6_all, k=4-100); k=61 == Figure 1"
17,103389,71772,2097,769,1180,27459,112,73721,97.3562,97.2396,97.4701,69.4194,69.1311,69.7086,81.0479,80.8372,81.2563,98.4436,98.3581,98.5298,72.1914,71.9129,72.4661,83.2981,83.1041,83.4899,71.3045,71.0095,71.5793,28.6955,28.4207,28.9905,2000,allele (unstratified),"size_test (card_database_v3.2.6_all, k=4-100); k=61 == Figure 1"
18,103389,72109,2116,772,1187,27104,101,74068,97.3551,97.2409,97.4738,69.7453,69.4561,70.0317,81.2693,81.0568,81.481,98.4419,98.3538,98.5261,72.5387,72.2611,72.8211,83.5281,83.3375,83.7183,71.6401,71.348,71.9235,28.3599,28.0765,28.652,2000,allele (unstratified),"size_test (card_database_v3.2.6_all, k=4-100); k=61 == Figure 1"
19,103389,72478,2241,773,1215,26595,87,74466,97.3303,97.2166,97.4458,70.1022,69.8159,70.3905,81.5023,81.2938,81.7109,98.4161,98.3281,98.5008,73.0174,72.7379,73.2989,83.8353,83.6432,84.0291,72.0251,71.7426,72.3017,27.9749,27.6983,28.2574,2000,allele (unstratified),"size_test (card_database_v3.2.6_all, k=4-100); k=61 == Figure 1"
20,103389,72889,2292,779,1228,26120,81,74896,97.3203,97.2064,97.436,70.4998,70.2202,70.7823,81.7668,81.5598,81.9763,98.4091,98.3192,98.4959,73.4701,73.1954,73.7458,84.1303,83.9446,84.3234,72.441,72.1692,72.7215,27.559,27.2785,27.8308,2000,allele (unstratified),"size_test (card_database_v3.2.6_all, k=4-100); k=61 == Figure 1"
21,103389,73069,2302,784,1224,25921,89,75077,97.3254,97.2107,97.4409,70.6739,70.3914,70.9582,81.8856,81.6786,82.0952,98.4182,98.3288,98.5041,73.6587,73.3869,73.9315,84.2572,84.0761,84.4454,72.616,72.3433,72.8965,27.384,27.1035,27.6567,2000,allele (unstratified),"size_test (card_database_v3.2.6_all, k=4-100); k=61 == Figure 1"
22,103389,73394,2431,783,1228,25472,81,75405,97.3331,97.2183,97.4462,70.9882,70.7106,71.2755,82.099,81.8975,82.3067,98.4223,98.3341,98.5064,74.0969,73.8279,74.3745,84.5446,84.3591,84.7376,72.9333,72.6624,73.2138,27.0667,26.7862,27.3376,2000,allele (unstratified),"size_test (card_database_v3.2.6_all, k=4-100); k=61 == Figure 1"
23,103389,73572,2455,789,1237,25259,77,75598,97.32,97.2062,97.4331,71.1604,70.8857,71.4486,82.2093,82.0096,82.4165,98.4152,98.3262,98.5003,74.298,74.0263,74.5748,84.6728,84.4911,84.8611,73.12,72.8548,73.4064,26.88,26.5936,27.1452,2000,allele (unstratified),"size_test (card_database_v3.2.6_all, k=4-100); k=61 == Figure 1"
24,103389,73699,2430,785,1228,25181,66,75712,97.3412,97.2285,97.4551,71.2832,71.0076,71.5706,82.2988,82.0956,82.5071,98.4285,98.34,98.5129,74.3928,74.1191,74.6733,84.7392,84.5583,84.9283,73.2302,72.9642,73.5165,26.7698,26.4835,27.0358,2000,allele (unstratified),"size_test (card_database_v3.2.6_all, k=4-100); k=61 == Figure 1"
25,103389,74191,2486,784,1241,24617,70,76216,97.3431,97.2281,97.4567,71.7591,71.4815,72.0397,82.6157,82.4141,82.8172,98.4232,98.3332,98.5067,74.9219,74.6443,75.2014,85.0794,84.9031,85.2675,73.7177,73.4517,73.9953,26.2823,26.0047,26.5483,2000,allele (unstratified),"size_test (card_database_v3.2.6_all, k=4-100); k=61 == Figure 1"
26,103389,74312,2498,784,1252,24475,68,76348,97.3333,97.2214,97.4473,71.8761,71.5965,72.1605,82.6897,82.4852,82.8907,98.4121,98.3248,98.4968,75.0505,74.7816,75.3272,85.1582,84.9778,85.3493,73.8454,73.5833,74.1211,26.1546,25.8789,26.4167,2000,allele (unstratified),"size_test (card_database_v3.2.6_all, k=4-100); k=61 == Figure 1"
27,103389,74476,2478,789,1247,24344,55,76512,97.339,97.2278,97.4514,72.0347,71.7562,72.3211,82.7966,82.5969,83.0,98.4213,98.3333,98.5064,75.1947,74.9286,75.4704,85.2543,85.0752,85.4416,74.004,73.7398,74.2806,25.996,25.7194,26.2602,2000,allele (unstratified),"size_test (card_database_v3.2.6_all, k=4-100); k=61 == Figure 1"
28,103389,74680,2516,781,1254,24096,62,76715,97.3473,97.2341,97.4595,72.2321,71.9573,72.5135,82.9299,82.7346,83.128,98.4173,98.3294,98.5023,75.421,75.1579,75.6908,85.3981,85.223,85.5776,74.2004,73.9382,74.4712,25.7996,25.5288,26.0618,2000,allele (unstratified),"size_test (card_database_v3.2.6_all, k=4-100); k=61 == Figure 1"
29,103389,74705,2522,779,1260,24058,65,76744,97.3431,97.233,97.4557,72.2562,71.9796,72.5358,82.9443,82.7496,83.1433,98.4104,98.3237,98.4976,75.449,75.1868,75.7218,85.4135,85.2439,85.5978,74.2284,73.9701,74.5031,25.7716,25.4969,26.0299,2000,allele (unstratified),"size_test (card_database_v3.2.6_all, k=4-100); k=61 == Figure 1"
30,103389,74815,2465,780,1266,23995,68,76861,97.3381,97.2248,97.4517,72.3626,72.0928,72.6431,83.0125,82.8168,83.2095,98.4041,98.316,98.4903,75.5013,75.2411,75.7731,85.4445,85.2759,85.6263,74.3416,74.0843,74.6153,25.6584,25.3847,25.9157,2000,allele (unstratified),"size_test (card_database_v3.2.6_all, k=4-100); k=61 == Figure 1"
31,103389,74965,2533,783,1272,23769,67,77020,97.3319,97.2219,97.4445,72.5077,72.2369,72.7873,83.1056,82.9096,83.3036,98.4011,98.315,98.4888,75.715,75.4548,75.982,85.5801,85.4098,85.7602,74.4954,74.2361,74.7633,25.5046,25.2367,25.7639,2000,allele (unstratified),"size_test (card_database_v3.2.6_all, k=4-100); k=61 == Figure 1"
32,103389,75067,2533,785,1272,23659,73,77124,97.3329,97.222,97.4455,72.6064,72.3355,72.8888,83.1707,82.9772,83.3718,98.4032,98.3173,98.4906,75.8156,75.5574,76.0836,85.6451,85.4746,85.8235,74.5959,74.3358,74.8629,25.4041,25.1371,25.6642,2000,allele (unstratified),"size_test (card_database_v3.2.6_all, k=4-100); k=61 == Figure 1"
33,103389,75203,2497,783,1266,23570,70,77252,97.3476,97.2379,97.4591,72.7379,72.468,73.0185,83.2624,83.0745,83.4615,98.4125,98.3305,98.4986,75.9104,75.655,76.1812,85.7091,85.5403,85.8898,74.7197,74.4547,74.9886,25.2803,25.0114,25.5453,2000,allele (unstratified),"size_test (card_database_v3.2.6_all, k=4-100); k=61 == Figure 1"
34,103389,75583,2540,777,1281,23137,71,77641,97.3493,97.2438,97.4639,73.1055,72.8366,73.3812,83.5033,83.313,83.7007,98.4024,98.3194,98.488,76.3137,76.0602,76.5817,85.9618,85.7908,86.1439,75.096,74.8338,75.3678,24.904,24.6322,25.1662,2000,allele (unstratified),"size_test (card_database_v3.2.6_all, k=4-100); k=61 == Figure 1"
35,103389,75645,2542,776,1276,23071,79,77697,97.359,97.2516,97.4723,73.1654,72.8936,73.445,83.5459,83.3609,83.7399,98.4098,98.3261,98.4959,76.3747,76.1203,76.6465,86.0032,85.8318,86.1869,75.1502,74.8842,75.4181,24.8498,24.5819,25.1158,2000,allele (unstratified),"size_test (card_database_v3.2.6_all, k=4-100); k=61 == Figure 1"
36,103389,75723,2504,780,1274,23029,79,77777,97.3591,97.2512,97.4733,73.2409,72.9661,73.5175,83.5952,83.4069,83.7913,98.4131,98.3301,98.4994,76.4172,76.1626,76.6861,86.0315,85.8605,86.2141,75.2275,74.9634,75.4965,24.7725,24.5035,25.0366,2000,allele (unstratified),"size_test (card_database_v3.2.6_all, k=4-100); k=61 == Figure 1"
37,103389,75881,2531,785,1273,22842,77,77939,97.3595,97.2514,97.4733,73.3937,73.1219,73.6675,83.6947,83.5074,83.8903,98.418,98.3343,98.5042,76.601,76.3427,76.867,86.1497,85.981,86.3327,75.3842,75.1192,75.657,24.6158,24.343,24.8808,2000,allele (unstratified),"size_test (card_database_v3.2.6_all, k=4-100); k=61 == Figure 1"
38,103389,76064,2525,788,1271,22657,84,78123,97.3644,97.2575,97.4786,73.5707,73.3008,73.8473,83.8115,83.6247,84.0066,98.424,98.3408,98.5082,76.7751,76.5168,77.042,86.262,86.0949,86.4406,75.5622,75.2991,75.8311,24.4378,24.1689,24.7009,2000,allele (unstratified),"size_test (card_database_v3.2.6_all, k=4-100); k=61 == Figure 1"
39,103389,76175,2464,788,1269,22606,87,78232,97.3706,97.265,97.4842,73.6781,73.4101,73.9537,83.8835,83.7002,84.0784,98.4274,98.3434,98.5119,76.8235,76.5661,77.0875,86.2938,86.1255,86.4721,75.6676,75.3978,75.9385,24.3324,24.0615,24.6022,2000,allele (unstratified),"size_test (card_database_v3.2.6_all, k=4-100); k=61 == Figure 1"
40,103389,76223,2502,785,1278,22511,90,78286,97.3648,97.2574,97.4773,73.7245,73.4575,74.005,83.9114,83.7244,84.1125,98.4181,98.3354,98.5017,76.9037,76.6435,77.1649,86.3409,86.1693,86.5178,75.7199,75.4481,75.9829,24.2801,24.0171,24.5519,2000,allele (unstratified),"size_test (card_database_v3.2.6_all, k=4-100); k=61 == Figure 1"
41,103389,76259,2500,790,1276,22476,88,78325,97.3623,97.2531,97.4749,73.7593,73.4875,74.0369,83.933,83.747,84.1333,98.4213,98.3375,98.5037,76.9415,76.6812,77.2017,86.3659,86.1956,86.5392,75.7576,75.4838,76.0216,24.2424,23.9784,24.5162,2000,allele (unstratified),"size_test (card_database_v3.2.6_all, k=4-100); k=61 == Figure 1"
42,103389,76350,2466,792,1274,22419,88,78416,97.3653,97.2558,97.4782,73.8473,73.5783,74.1249,83.9911,83.8017,84.1868,98.4249,98.3413,98.508,76.9985,76.7373,77.2636,86.4032,86.2328,86.5784,75.8456,75.5776,76.1087,24.1544,23.8913,24.4224,2000,allele (unstratified),"size_test (card_database_v3.2.6_all, k=4-100); k=61 == Figure 1"
43,103389,76505,2519,784,1274,22211,96,78563,97.3804,97.27,97.4933,73.9972,73.7283,74.2739,84.0936,83.9047,84.2856,98.4288,98.3453,98.5101,77.192,76.9288,77.4492,86.5263,86.3589,86.7007,75.9878,75.7198,76.2499,24.0122,23.7501,24.2802,2000,allele (unstratified),"size_test (card_database_v3.2.6_all, k=4-100); k=61 == Figure 1"
44,103389,76577,2522,783,1272,22139,96,78632,97.3866,97.2742,97.4994,74.0669,73.7999,74.3416,84.1408,83.9554,84.3329,98.4326,98.3491,98.5135,77.2635,77.0033,77.518,86.5728,86.405,86.7455,76.0545,75.7914,76.3147,23.9455,23.6853,24.2086,2000,allele (unstratified),"size_test (card_database_v3.2.6_all, k=4-100); k=61 == Figure 1"
45,103389,76681,2473,783,1268,22095,89,78732,97.395,97.2849,97.5069,74.1675,73.8986,74.4374,84.2089,84.024,84.3973,98.4385,98.3554,98.5213,77.3167,77.0546,77.575,86.6084,86.4366,86.7841,76.1512,75.8901,76.4134,23.8488,23.5866,24.1099,2000,allele (unstratified),"size_test (card_database_v3.2.6_all, k=4-100); k=61 == Figure 1"
46,103389,76727,2490,780,1274,22026,92,78781,97.3928,97.2806,97.5039,74.212,73.9411,74.479,84.2367,84.0479,84.426,98.4324,98.3494,98.5154,77.3748,77.1156,77.6388,86.6425,86.4748,86.8174,76.1986,75.9355,76.4589,23.8014,23.5411,24.0645,2000,allele (unstratified),"size_test (card_database_v3.2.6_all, k=4-100); k=61 == Figure 1"
47,103389,76765,2476,780,1275,21991,102,78820,97.3928,97.2801,97.505,74.2487,73.9807,74.5186,84.2604,84.0722,84.4481,98.4317,98.3488,98.5144,77.398,77.1397,77.662,86.6567,86.489,86.8319,76.2364,75.9723,76.4957,23.7636,23.5043,24.0277,2000,allele (unstratified),"size_test (card_database_v3.2.6_all, k=4-100); k=61 == Figure 1"
48,103389,76887,2403,787,1276,21938,98,78950,97.387,97.2747,97.4998,74.3667,74.0988,74.6347,84.3341,84.1485,84.5235,98.4315,98.3476,98.5159,77.4521,77.1968,77.7105,86.6906,86.5215,86.8627,76.3621,76.1018,76.6242,23.6379,23.3758,23.8982,2000,allele (unstratified),"size_test (card_database_v3.2.6_all, k=4-100); k=61 == Figure 1"
49,103389,77059,2432,782,1276,21738,102,79117,97.3988,97.288,97.511,74.5331,74.2574,74.802,84.4454,84.2593,84.6328,98.4353,98.3525,98.5206,77.6417,77.3835,77.9029,86.8107,86.6385,86.9797,76.5236,76.2595,76.7829,23.4764,23.2171,23.7405,2000,allele (unstratified),"size_test (card_database_v3.2.6_all, k=4-100); k=61 == Figure 1"
50,103389,77094,2426,780,1277,21706,106,79151,97.4012,97.2899,97.5156,74.5669,74.2961,74.833,84.4681,84.28,84.6524,98.4346,98.3519,98.5195,77.6678,77.4134,77.9271,86.8268,86.654,86.9951,76.5565,76.2905,76.8148,23.4435,23.1852,23.7095,2000,allele (unstratified),"size_test (card_database_v3.2.6_all, k=4-100); k=61 == Figure 1"
51,103389,77165,2376,783,1281,21676,108,79229,97.3949,97.2824,97.5074,74.6356,74.3667,74.9045,84.5097,84.3219,84.6975,98.4302,98.3477,98.5162,77.6911,77.4405,77.9503,86.8396,86.6674,87.0104,76.6319,76.3679,76.8883,23.3681,23.1117,23.6321,2000,allele (unstratified),"size_test (card_database_v3.2.6_all, k=4-100); k=61 == Figure 1"
52,103389,77223,2405,786,1281,21576,118,79290,97.3931,97.2823,97.5085,74.6917,74.4199,74.9625,84.545,84.3583,84.7321,98.432,98.3492,98.5183,77.7781,77.5227,78.0412,86.8946,86.7252,87.0656,76.6909,76.4307,76.9473,23.3091,23.0527,23.5693,2000,allele (unstratified),"size_test (card_database_v3.2.6_all, k=4-100); k=61 == Figure 1"
53,103389,77244,2402,786,1282,21554,121,79312,97.3926,97.2819,97.5075,74.712,74.4373,74.9829,84.5578,84.3687,84.7449,98.4311,98.3477,98.5175,77.7955,77.5402,78.0615,86.9051,86.737,87.0744,76.7122,76.4491,76.9724,23.2878,23.0276,23.5509,2000,allele (unstratified),"size_test (card_database_v3.2.6_all, k=4-100); k=61 == Figure 1"
54,103389,77304,2354,791,1280,21540,120,79375,97.3909,97.2819,97.5033,74.77,74.4992,75.0332,84.5943,84.4084,84.782,98.4338,98.3511,98.5193,77.812,77.5575,78.0751,86.9165,86.7469,87.0867,76.7732,76.51,77.0324,23.2268,22.9676,23.49,2000,allele (unstratified),"size_test (card_database_v3.2.6_all, k=4-100); k=61 == Figure 1"
55,103389,77351,2398,785,1288,21437,130,79424,97.39,97.2806,97.5046,74.8155,74.5427,75.0825,84.6231,84.4356,84.8087,98.4259,98.3425,98.5119,77.8942,77.6407,78.1612,86.9646,86.797,87.133,76.8206,76.5584,77.0837,23.1794,22.9163,23.4416,2000,allele (unstratified),"size_test (card_database_v3.2.6_all, k=4-100); k=61 == Figure 1"
56,103389,77405,2382,786,1290,21392,134,79481,97.3881,97.2789,97.5001,74.8677,74.5949,75.1357,84.6558,84.4723,84.8412,98.4242,98.3415,98.5112,77.9319,77.6862,78.1989,86.9875,86.8187,87.157,76.8757,76.6135,77.1398,23.1243,22.8602,23.3865,2000,allele (unstratified),"size_test (card_database_v3.2.6_all, k=4-100); k=61 == Figure 1"
57,103389,77513,2321,792,1296,21335,132,79601,97.3769,97.2671,97.4895,74.9722,74.7043,75.2392,84.7183,84.533,84.9068,98.418,98.3338,98.504,77.9832,77.7307,78.2511,87.017,86.8432,87.1876,76.9917,76.7306,77.251,23.0083,22.749,23.2694,2000,allele (unstratified),"size_test (card_database_v3.2.6_all, k=4-100); k=61 == Figure 1"
58,103389,77594,2341,794,1291,21216,153,79679,97.3833,97.2751,97.4977,75.0505,74.7845,75.3156,84.7707,84.5874,84.9598,98.426,98.3431,98.5129,78.0828,77.8332,78.3488,87.0821,86.9102,87.2545,77.0672,76.806,77.3235,22.9328,22.6765,23.194,2000,allele (unstratified),"size_test (card_database_v3.2.6_all, k=4-100); k=61 == Figure 1"
59,103389,77668,2337,794,1292,21135,163,79754,97.3845,97.277,97.4994,75.1221,74.8581,75.3843,84.8168,84.6335,85.0025,98.4261,98.3435,98.5123,78.1505,77.9,78.4155,87.1242,86.9554,87.2938,77.1397,76.8786,77.3942,22.8603,22.6058,23.1214,2000,allele (unstratified),"size_test (card_database_v3.2.6_all, k=4-100); k=61 == Figure 1"
60,103389,77722,2288,798,1295,21142,144,79815,97.3777,97.2696,97.4931,75.1743,74.9084,75.4365,84.8475,84.6644,85.0333,98.4227,98.3393,98.5079,78.1592,77.9086,78.4242,87.1283,86.9601,87.3001,77.1987,76.9376,77.458,22.8013,22.542,23.0624,2000,allele (unstratified),"size_test (card_database_v3.2.6_all, k=4-100); k=61 == Figure 1"
61,103389,77894,2291,800,1292,20936,176,79986,97.3845,97.2758,97.4989,75.3407,75.0824,75.599,84.956,84.7767,85.1392,98.4297,98.3487,98.5139,78.3304,78.0798,78.5926,87.2373,87.0723,87.4094,77.3641,77.1068,77.6214,22.6359,22.3786,22.8932,2000,allele (unstratified),"size_test (card_database_v3.2.6_all, k=4-100); k=61 == Figure 1"
62,103389,77954,2282,801,1294,20871,187,80049,97.3829,97.2748,97.4967,75.3987,75.1394,75.657,84.9922,84.8135,85.1743,98.4283,98.3481,98.5133,78.3807,78.134,78.6428,87.2679,87.1059,87.44,77.4251,77.1725,77.6794,22.5749,22.3206,22.8275,2000,allele (unstratified),"size_test (card_database_v3.2.6_all, k=4-100); k=61 == Figure 1"
63,103389,78024,2214,803,1294,20879,175,80121,97.3827,97.2781,97.4979,75.4664,75.2034,75.7257,85.0351,84.8534,85.2194,98.4284,98.3482,98.5131,78.3845,78.1369,78.6467,87.2704,87.1069,87.4415,77.4947,77.2374,77.7511,22.5053,22.2489,22.7626,2000,allele (unstratified),"size_test (card_database_v3.2.6_all, k=4-100); k=61 == Figure 1"
64,103389,78085,2230,799,1298,20776,201,80182,97.3847,97.2788,97.4998,75.5254,75.2643,75.7847,85.0734,84.8938,85.2573,98.425,98.3436,98.5115,78.4552,78.2027,78.7173,87.3128,87.1471,87.483,77.5537,77.2964,77.81,22.4463,22.19,22.7036,2000,allele (unstratified),"size_test (card_database_v3.2.6_all, k=4-100); k=61 == Figure 1"
65,103389,78092,2225,798,1302,20772,200,80192,97.3813,97.2737,97.4959,75.5322,75.2672,75.7915,85.0763,84.8974,85.2608,98.4202,98.3395,98.5072,78.4561,78.2008,78.7173,87.3115,87.1456,87.4815,77.5634,77.3051,77.8197,22.4366,22.1803,22.6949,2000,allele (unstratified),"size_test (card_database_v3.2.6_all, k=4-100); k=61 == Figure 1"
66,103389,78301,2172,799,1303,20637,177,80403,97.3857,97.2763,97.4983,75.7344,75.4713,75.9945,85.2061,85.0256,85.3873,98.422,98.341,98.5089,78.608,78.3545,78.8633,87.4062,87.2412,87.5767,77.7675,77.5102,78.0209,22.2325,21.9791,22.4898,2000,allele (unstratified),"size_test (card_database_v3.2.6_all, k=4-100); k=61 == Figure 1"
67,103389,78334,2186,802,1305,20554,208,80441,97.3807,97.2746,97.4946,75.7663,75.4964,76.0188,85.2244,85.0427,85.4064,98.4206,98.3401,98.5072,78.6563,78.4,78.9127,87.4355,87.2691,87.6051,77.8042,77.545,78.0567,22.1958,21.9433,22.455,2000,allele (unstratified),"size_test (card_database_v3.2.6_all, k=4-100); k=61 == Figure 1"
68,103389,78380,2175,808,1301,20514,211,80489,97.3798,97.2718,97.4939,75.8108,75.5418,76.0681,85.2522,85.069,85.433,98.4262,98.3448,98.512,78.696,78.4406,78.9513,87.4622,87.296,87.6309,77.8506,77.5933,78.1021,22.1494,21.8979,22.4067,2000,allele (unstratified),"size_test (card_database_v3.2.6_all, k=4-100); k=61 == Figure 1"
69,103389,78427,2127,815,1298,20534,188,80540,97.3765,97.2674,97.4898,75.8562,75.5941,76.1106,85.2796,85.0993,85.4619,98.4298,98.3487,98.5168,78.7018,78.4483,78.9543,87.4672,87.3011,87.6333,77.9,77.6359,78.1514,22.1,21.8486,22.3641,2000,allele (unstratified),"size_test (card_database_v3.2.6_all, k=4-100); k=61 == Figure 1"
70,103389,78478,2131,820,1300,20449,211,80598,97.3697,97.2606,97.4834,75.9056,75.6415,76.16,85.3082,85.1283,85.4918,98.4286,98.3453,98.5147,78.7598,78.5083,79.0162,87.5026,87.3354,87.6684,77.9561,77.6958,78.2066,22.0439,21.7934,22.3042,2000,allele (unstratified),"size_test (card_database_v3.2.6_all, k=4-100); k=61 == Figure 1"
71,103389,78508,2122,822,1299,20423,215,80629,97.3694,97.2584,97.4828,75.9346,75.6734,76.1909,85.3264,85.1439,85.5075,98.4302,98.3463,98.5154,78.7821,78.5305,79.0355,87.5169,87.3488,87.6816,77.9861,77.7259,78.2356,22.0139,21.7644,22.2741,2000,allele (unstratified),"size_test (card_database_v3.2.6_all, k=4-100); k=61 == Figure 1"
72,103389,78548,2075,822,1291,20461,192,80661,97.3804,97.2692,97.4902,75.9733,75.7082,76.2325,85.3551,85.1743,85.5389,98.4396,98.3558,98.5233,78.7753,78.5248,79.0258,87.5165,87.3507,87.6813,78.017,77.7529,78.2666,21.983,21.7334,22.2471,2000,allele (unstratified),"size_test (card_database_v3.2.6_all, k=4-100); k=61 == Figure 1"
73,103389,78567,2090,820,1294,20392,226,80681,97.3798,97.2712,97.4921,75.9916,75.7265,76.2499,85.3664,85.1858,85.5471,98.4367,98.3536,98.522,78.8063,78.5557,79.0597,87.5344,87.3693,87.6976,78.0363,77.7733,78.283,21.9637,21.717,22.2267,2000,allele (unstratified),"size_test (card_database_v3.2.6_all, k=4-100); k=61 == Figure 1"
74,103389,78621,2084,821,1304,20325,234,80746,97.3683,97.2612,97.4783,76.0439,75.7827,76.2973,85.395,85.2165,85.5761,98.4257,98.3443,98.5111,78.8536,78.6022,79.1071,87.5593,87.3966,87.723,78.0992,77.84,78.3488,21.9008,21.6512,22.16,2000,allele (unstratified),"size_test (card_database_v3.2.6_all, k=4-100); k=61 == Figure 1"
75,103389,78663,2035,825,1299,20367,200,80787,97.3709,97.2642,97.4808,76.0845,75.8204,76.3428,85.4216,85.2411,85.6019,98.4316,98.3514,98.5158,78.8507,78.5973,79.1022,87.5598,87.3964,87.7242,78.1389,77.8777,78.3846,21.8611,21.6154,22.1223,2000,allele (unstratified),"size_test (card_database_v3.2.6_all, k=4-100); k=61 == Figure 1"
76,103389,78735,2039,829,1298,20255,233,80862,97.3696,97.2633,97.479,76.1541,75.8891,76.4124,85.4649,85.2841,85.644,98.4343,98.3522,98.5189,78.9281,78.6766,79.1767,87.6086,87.4451,87.7747,78.2114,77.9464,78.4639,21.7886,21.5361,22.0536,2000,allele (unstratified),"size_test (card_database_v3.2.6_all, k=4-100); k=61 == Figure 1"
77,103389,78748,2030,828,1299,20249,235,80875,97.37,97.2636,97.4791,76.1667,75.9026,76.426,85.473,85.2909,85.6495,98.4331,98.352,98.5173,78.931,78.6805,79.1786,87.6099,87.4457,87.774,78.224,77.9599,78.4745,21.776,21.5255,22.0401,2000,allele (unstratified),"size_test (card_database_v3.2.6_all, k=4-100); k=61 == Figure 1"
78,103389,78782,1991,826,1294,20292,204,80902,97.3795,97.2742,97.4868,76.1996,75.9374,76.4569,85.4974,85.3165,85.6755,98.439,98.358,98.5225,78.9243,78.6737,79.1758,87.608,87.4424,87.771,78.2501,77.987,78.4996,21.7499,21.5004,22.013,2000,allele (unstratified),"size_test (card_database_v3.2.6_all, k=4-100); k=61 == Figure 1"
79,103389,78861,1986,835,1296,20168,243,80992,97.3689,97.2633,97.4785,76.276,76.0216,76.5372,85.5414,85.3581,85.7245,98.4381,98.3577,98.5209,79.0045,78.7559,79.2589,87.6571,87.4918,87.8214,78.3372,78.0769,78.5916,21.6628,21.4084,21.9231,2000,allele (unstratified),"size_test (card_database_v3.2.6_all, k=4-100); k=61 == Figure 1"
80,103389,78951,1979,834,1292,20084,249,81077,97.3778,97.2733,97.4872,76.3631,76.1067,76.6262,85.5995,85.4178,85.783,98.4444,98.3639,98.5284,79.0838,78.8352,79.3353,87.7084,87.5436,87.8728,78.4194,78.1592,78.6709,21.5806,21.3291,21.8408,2000,allele (unstratified),"size_test (card_database_v3.2.6_all, k=4-100); k=61 == Figure 1"
81,103389,78981,1939,839,1290,20125,215,81110,97.3752,97.2709,97.4852,76.3921,76.1318,76.6532,85.6167,85.4351,85.7997,98.4467,98.367,98.5309,79.079,78.8304,79.3344,87.7064,87.543,87.8724,78.4513,78.1978,78.7057,21.5487,21.2943,21.8022,2000,allele (unstratified),"size_test (card_database_v3.2.6_all, k=4-100); k=61 == Figure 1"
82,103389,78968,1952,841,1292,20081,255,81101,97.3699,97.2669,97.4811,76.3795,76.1154,76.6407,85.6068,85.4221,85.7903,98.4444,98.3656,98.5286,79.0809,78.8313,79.3324,87.7066,87.5422,87.8742,78.4426,78.1824,78.6989,21.5574,21.3011,21.8176,2000,allele (unstratified),"size_test (card_database_v3.2.6_all, k=4-100); k=61 == Figure 1"
83,103389,78983,1949,839,1293,20064,261,81115,97.3716,97.2687,97.4842,76.394,76.1357,76.6533,85.6166,85.4347,85.8017,98.4434,98.3646,98.5281,79.0906,78.8382,79.3393,87.7122,87.546,87.8797,78.4561,78.1978,78.7095,21.5439,21.2905,21.8022,2000,allele (unstratified),"size_test (card_database_v3.2.6_all, k=4-100); k=61 == Figure 1"
84,103389,79018,1907,838,1297,20096,233,81153,97.3692,97.2657,97.4785,76.4279,76.1715,76.689,85.6369,85.4557,85.8188,98.4385,98.3579,98.5222,79.0829,78.8333,79.3315,87.7055,87.5389,87.8697,78.4929,78.2355,78.7434,21.5071,21.2566,21.7645,2000,allele (unstratified),"size_test (card_database_v3.2.6_all, k=4-100); k=61 == Figure 1"
85,103389,79047,1922,840,1298,20002,280,81185,97.3665,97.2642,97.4757,76.4559,76.2005,76.719,85.6535,85.47,85.8396,98.4382,98.3564,98.5228,79.1274,78.8778,79.3779,87.7327,87.5684,87.8966,78.5238,78.2704,78.7724,21.4762,21.2276,21.7296,2000,allele (unstratified),"size_test (card_database_v3.2.6_all, k=4-100); k=61 == Figure 1"
86,103389,79059,1918,841,1297,19992,282,81197,97.3669,97.2632,97.4783,76.4675,76.2121,76.7297,85.6609,85.4787,85.8446,98.4395,98.3574,98.5251,79.1361,78.8865,79.3827,87.7386,87.5752,87.9024,78.5354,78.284,78.785,21.4646,21.215,21.716,2000,allele (unstratified),"size_test (card_database_v3.2.6_all, k=4-100); k=61 == Figure 1"
87,103389,79124,1853,841,1303,20015,253,81268,97.3618,97.2573,97.4719,76.5304,76.2711,76.7886,85.6983,85.5192,85.8828,98.4324,98.3497,98.5172,79.1361,78.8865,79.3866,87.7358,87.5704,87.8996,78.6041,78.3459,78.8488,21.3959,21.1512,21.6541,2000,allele (unstratified),"size_test (card_database_v3.2.6_all, k=4-100); k=61 == Figure 1"
88,103389,79137,1860,840,1299,19949,304,81276,97.3682,97.266,97.4807,76.543,76.2895,76.7993,85.7087,85.5281,85.8924,98.4375,98.3556,98.5219,79.1545,78.9068,79.4031,87.7491,87.5848,87.913,78.6118,78.3575,78.8585,21.3882,21.1415,21.6425,2000,allele (unstratified),"size_test (card_database_v3.2.6_all, k=4-100); k=61 == Figure 1"
89,103389,79135,1858,842,1300,19947,307,81277,97.3646,97.2629,97.4789,76.541,76.2895,76.7945,85.7061,85.5253,85.8882,98.4363,98.3549,98.5218,79.1525,78.901,79.4011,87.7474,87.5839,87.9117,78.6128,78.3584,78.8595,21.3872,21.1405,21.6416,2000,allele (unstratified),"size_test (card_database_v3.2.6_all, k=4-100); k=61 == Figure 1"
90,103389,79174,1803,846,1291,20008,267,81311,97.3718,97.2658,97.4828,76.5787,76.3271,76.8312,85.7325,85.5553,85.9144,98.4467,98.3654,98.5312,79.1409,78.8884,79.3895,87.7444,87.5816,87.9077,78.6457,78.3942,78.8933,21.3543,21.1067,21.6058,2000,allele (unstratified),"size_test (card_database_v3.2.6_all, k=4-100); k=61 == Figure 1"
91,103389,79213,1810,845,1296,19907,318,81354,97.3683,97.2626,97.4801,76.6165,76.364,76.8718,85.7548,85.5781,85.9389,98.4416,98.3609,98.5262,79.1844,78.9368,79.4311,87.7692,87.6064,87.932,78.6873,78.4319,78.933,21.3127,21.067,21.5681,2000,allele (unstratified),"size_test (card_database_v3.2.6_all, k=4-100); k=61 == Figure 1"
92,103389,79225,1799,843,1296,19908,318,81364,97.3711,97.2657,97.4812,76.6281,76.3765,76.8834,85.7632,85.5862,85.945,98.4416,98.3625,98.526,79.1835,78.9377,79.4301,87.7686,87.607,87.9331,78.697,78.4435,78.9398,21.303,21.0602,21.5565,2000,allele (unstratified),"size_test (card_database_v3.2.6_all, k=4-100); k=61 == Figure 1"
93,103389,79254,1763,846,1294,19956,276,81394,97.3708,97.2645,97.4818,76.6561,76.3969,76.9125,85.7806,85.5993,85.9616,98.4439,98.3628,98.5289,79.1796,78.9319,79.4244,87.7671,87.6042,87.9299,78.726,78.4744,78.9679,21.274,21.0321,21.5256,2000,allele (unstratified),"size_test (card_database_v3.2.6_all, k=4-100); k=61 == Figure 1"
94,103389,79246,1771,842,1292,19929,309,81380,97.3777,97.2705,97.4875,76.6484,76.393,76.9018,85.7785,85.5991,85.958,98.4462,98.364,98.5298,79.1757,78.9271,79.4186,87.7656,87.5995,87.9276,78.7124,78.461,78.9572,21.2876,21.0428,21.539,2000,allele (unstratified),"size_test (card_database_v3.2.6_all, k=4-100); k=61 == Figure 1"
95,103389,79246,1758,843,1293,19930,319,81382,97.3753,97.2694,97.4852,76.6484,76.3921,76.9018,85.7775,85.5954,85.9552,98.4448,98.3626,98.5278,79.1641,78.9175,79.4099,87.7579,87.5906,87.9192,78.7144,78.4648,78.9601,21.2856,21.0399,21.5352,2000,allele (unstratified),"size_test (card_database_v3.2.6_all, k=4-100); k=61 == Figure 1"
96,103389,79253,1731,846,1295,19979,285,81394,97.3696,97.2643,97.4781,76.6552,76.3969,76.9134,85.7795,85.5978,85.957,98.4421,98.3596,98.5247,79.1477,78.9039,79.3973,87.7468,87.5801,87.9095,78.726,78.4764,78.9755,21.274,21.0245,21.5236,2000,allele (unstratified),"size_test (card_database_v3.2.6_all, k=4-100); k=61 == Figure 1"
97,103389,79273,1733,847,1295,19914,327,81415,97.369,97.2635,97.4765,76.6745,76.4114,76.9289,85.7914,85.6081,85.9691,98.4425,98.3604,98.5255,79.1699,78.9242,79.4195,87.7606,87.592,87.9212,78.7463,78.4987,78.993,21.2537,21.007,21.5013,2000,allele (unstratified),"size_test (card_database_v3.2.6_all, k=4-100); k=61 == Figure 1"
98,103389,79326,1722,846,1298,19863,334,81470,97.3684,97.2621,97.4772,76.7258,76.4675,76.9802,85.8232,85.6414,86.0024,98.4398,98.3586,98.5216,79.2096,78.962,79.4553,87.7839,87.6145,87.9425,78.7995,78.5499,79.0491,21.2005,20.9509,21.4501,2000,allele (unstratified),"size_test (card_database_v3.2.6_all, k=4-100); k=61 == Figure 1"
99,103389,79356,1672,859,1295,19918,289,81510,97.3574,97.2534,97.4672,76.7548,76.4936,77.0034,85.8371,85.6507,86.0147,98.4432,98.3624,98.5264,79.2028,78.96,79.4496,87.7811,87.6156,87.9401,78.8382,78.5876,79.0848,21.1618,20.9152,21.4124,2000,allele (unstratified),"size_test (card_database_v3.2.6_all, k=4-100); k=61 == Figure 1"
100,103389,79343,1667,861,1294,19901,323,81498,97.3558,97.2508,97.4649,76.7422,76.482,76.9898,85.8286,85.6417,86.0071,98.4441,98.3633,98.5279,79.1873,78.9426,79.435,87.7719,87.6085,87.9316,78.8266,78.5789,79.0742,21.1734,20.9258,21.4211,2000,allele (unstratified),"size_test (card_database_v3.2.6_all, k=4-100); k=61 == Figure 1"
