test,file,final_path,source_path,bytes,gz_bytes,ratio,md5,note
00_reference_inputs,allele_species_counts.csv,mateusz_phd/research/kmers_v2/p6_deposit/FINAL/00_reference_inputs/allele_species_counts.csv,mateusz_phd/research/kmers/aim1/data/card-r/allele_species_counts.csv,5165430,1229712,4.2,e975802048c2eabd1ca79d35d148757f,alleles per pathogen count (Supp Fig 5)
00_reference_inputs,formatted_testing.fasta,mateusz_phd/research/kmers_v2/p6_deposit/FINAL/00_reference_inputs/formatted_testing.fasta,mateusz_phd/research/kmers/aim1/data/fasta/formatted_testing.fasta,156044088,21797343,7.2,f7d53c801404b98e8c3647bb3554adb2,Kraken2-headered test split (kraken:taxid)
00_reference_inputs,formatted_training.fasta,mateusz_phd/research/kmers_v2/p6_deposit/FINAL/00_reference_inputs/formatted_training.fasta,mateusz_phd/research/kmers/aim1/data/fasta/formatted_training.fasta,314412968,43886879,7.2,c0b67998a95235e81618ace867ca3bad,Kraken2-headered reference split (kraken:taxid)
00_reference_inputs,genomic_type_id_map.json,mateusz_phd/research/kmers_v2/p6_deposit/FINAL/00_reference_inputs/genomic_type_id_map.json,mateusz_phd/research/kmers/aim1/data/card-r/genomic_type_id_map.json,443965,68759,6.5,3e9fab1774080907883f28e1e8f7d7d0,allele -> genomic context truth
00_reference_inputs,id_pathogen_map.json,mateusz_phd/research/kmers_v2/p6_deposit/FINAL/00_reference_inputs/id_pathogen_map.json,mateusz_phd/research/kmers/aim1/data/card-r/id_pathogen_map.json,12800186,929685,13.8,6a590521433d587d970440a8430e1232,allele -> pathogen truth
00_reference_inputs,index-for-model-sequences-cardr-4.0.0.json,mateusz_phd/research/kmers_v2/p6_deposit/FINAL/00_reference_inputs/index-for-model-sequences-cardr-4.0.0.json,mateusz_phd/research/kmers_v2/other_git/index-for-model-sequences-cardr-4.0.0.json,533895392,29691030,18.0,78d11a12d7d68994388240e1e9a351fd,"CARD-R 4.0.0 allele index: species, context, ARO"
00_reference_inputs,testing.fasta,mateusz_phd/research/kmers_v2/p6_deposit/FINAL/00_reference_inputs/testing.fasta,mateusz_phd/research/kmers_v2/other_git/testing.fasta,164747452,23107514,7.1,dd4760d541d27e9fcc389000da55b786,"one-third held-out split, 103,389 alleles"
00_reference_inputs,training.fasta,mateusz_phd/research/kmers_v2/p6_deposit/FINAL/00_reference_inputs/training.fasta,mateusz_phd/research/kmers_v2/other_git/training.fasta,331874624,46603730,7.1,8d59075f5da7856893be5933d5f2d5b0,"two-thirds reference split, 207,450 alleles"
01_allele_third_split,61mer_analysis.txt,mateusz_phd/research/kmers_v2/p6_deposit/FINAL/01_allele_third_split/61mer_analysis.txt,mateusz_phd/research/kmers/aim1/outputs/61mer_analysis.txt,19315056,1752439,11.0,16247c874deb1f70157dbee97ad92701,CARD k-mers raw output (final k-mer result)
01_allele_third_split,by_pathogen_bootstrap.csv,mateusz_phd/research/kmers_v2/p6_deposit/FINAL/01_allele_third_split/by_pathogen_bootstrap.csv,mateusz_phd/research/kmers_v2/p1_metrics/outputs/by_pathogen_bootstrap.csv,330436,74099,4.5,b44f5128b1f147431aacf5d45467c549,315 pathogens x 4 tools
01_allele_third_split,context_outcomes.csv,mateusz_phd/research/kmers_v2/p6_deposit/FINAL/01_allele_third_split/context_outcomes.csv,mateusz_phd/research/kmers_v2/p1_metrics/outputs/context_outcomes.csv,1221,496,2.5,54cadd289082865c152c084669001c08,genomic-context confusion
01_allele_third_split,context_prf.csv,mateusz_phd/research/kmers_v2/p6_deposit/FINAL/01_allele_third_split/context_prf.csv,mateusz_phd/research/kmers_v2/p1_metrics/outputs/context_prf.csv,1286,555,2.3,59077294268c5b55c0340f003b0a1916,genomic-context precision/recall/F1
01_allele_third_split,context_tidy.csv,mateusz_phd/research/kmers_v2/p6_deposit/FINAL/01_allele_third_split/context_tidy.csv,mateusz_phd/research/kmers_v2/p1_metrics/outputs/context_tidy.csv,3214,745,4.3,cd221f2eac18dde4b8fc8ffa501dd1d6,long form for plotting
01_allele_third_split,custom_tax_report.txt,mateusz_phd/research/kmers_v2/p6_deposit/FINAL/01_allele_third_split/custom_tax_report.txt,mateusz_phd/research/kmers/aim1/outputs/kraken_custom/custom_tax_report.txt,3844665,83355,46.1,71b362bc68def75c70cbead0023cbaf5,"Kraken2 taxonomy report, CARD DB"
01_allele_third_split,default_tax_report.txt,mateusz_phd/research/kmers_v2/p6_deposit/FINAL/01_allele_third_split/default_tax_report.txt,mateusz_phd/research/kmers/aim1/outputs/kraken_default/default_tax_report.txt,3883449,151395,25.7,b2f2f23cbc4eeaf5c832a28cf94cb6f8,"Kraken2 taxonomy report, default DB"
01_allele_third_split,figure1_by_species.csv,mateusz_phd/research/kmers_v2/p6_deposit/FINAL/01_allele_third_split/figure1_by_species.csv,mateusz_phd/research/kmers_v2/p1_metrics/outputs/figure1_by_species.csv,121533,26431,4.6,6a61122e1dfc95ef3a510252899ecc61,per-species breakdown
01_allele_third_split,figure1_classifier_metrics.csv,mateusz_phd/research/kmers_v2/p6_deposit/FINAL/01_allele_third_split/figure1_classifier_metrics.csv,mateusz_phd/research/kmers_v2/p1_metrics/outputs/figure1_classifier_metrics.csv,5330,1899,2.8,f874ad5e915d336cc29c015284e7d1fc,"headline metrics + 2,000-draw CIs"
01_allele_third_split,figure1_outcomes.csv,mateusz_phd/research/kmers_v2/p6_deposit/FINAL/01_allele_third_split/figure1_outcomes.csv,mateusz_phd/research/kmers_v2/p1_metrics/outputs/figure1_outcomes.csv,2041,522,3.9,4aacd0196d9bcb7bb00c31baa8456fba,outcome category counts
01_allele_third_split,figure1_pairwise.csv,mateusz_phd/research/kmers_v2/p6_deposit/FINAL/01_allele_third_split/figure1_pairwise.csv,mateusz_phd/research/kmers_v2/p1_metrics/outputs/figure1_pairwise.csv,4550,834,5.5,4c65002e1f964d7ac3b78e3097740710,coupled paired differences
01_allele_third_split,figure1_tidy.csv,mateusz_phd/research/kmers_v2/p6_deposit/FINAL/01_allele_third_split/figure1_tidy.csv,mateusz_phd/research/kmers_v2/p1_metrics/outputs/figure1_tidy.csv,6727,1382,4.9,a117d0f52a94020462bbcd5ecd63dc80,long form for plotting
01_allele_third_split,kraken_custom_id_map.json,mateusz_phd/research/kmers_v2/p6_deposit/FINAL/01_allele_third_split/kraken_custom_id_map.json,mateusz_phd/research/kmers/aim1/outputs/kraken_custom/kraken_custom_id_map.json,13013,4279,3.0,7f4260b6d54c16e94c4cce4033a6ed0c,"taxid -> scientific name, CARD DB (350)"
01_allele_third_split,kraken_custom_out,mateusz_phd/research/kmers_v2/p6_deposit/FINAL/01_allele_third_split/kraken_custom_out,mateusz_phd/research/kmers/aim1/outputs/kraken_custom/kraken_custom_out,53683901,6504030,8.3,14731dc0db2a0b7c95c0aded7ad4b37c,Kraken2 CARD raw output
01_allele_third_split,kraken_default_id_map.json,mateusz_phd/research/kmers_v2/p6_deposit/FINAL/01_allele_third_split/kraken_default_id_map.json,mateusz_phd/research/kmers/aim1/outputs/kraken_default/kraken_default_id_map.json,77228,22186,3.5,3be1ca760b14c24ab021d3cfe23e0640,"taxid -> scientific name, default DB (1,706)"
01_allele_third_split,kraken_default_out,mateusz_phd/research/kmers_v2/p6_deposit/FINAL/01_allele_third_split/kraken_default_out,mateusz_phd/research/kmers/aim1/outputs/kraken_default/kraken_default_out,71165798,8223168,8.7,0d882f001f87c95e51a53b0b9a458330,Kraken2 default raw output
01_allele_third_split,kraken_results_custom.json,mateusz_phd/research/kmers_v2/p6_deposit/FINAL/01_allele_third_split/kraken_results_custom.json,mateusz_phd/research/kmers/aim1/outputs/kraken_custom/kraken_results_custom.json,13611910,463206,29.4,043838a3b9de37ce3bb12bf4b54d12a5,"per-allele Kraken2 result, CARD DB"
01_allele_third_split,kraken_results_default.json,mateusz_phd/research/kmers_v2/p6_deposit/FINAL/01_allele_third_split/kraken_results_default.json,mateusz_phd/research/kmers/aim1/outputs/kraken_default/kraken_results_default.json,13673296,526259,26.0,afa537660870fe86e048e5464cf8b2e1,"per-allele Kraken2 result, default DB"
01_allele_third_split,per_allele_calls.tsv,mateusz_phd/research/kmers_v2/p6_deposit/FINAL/01_allele_third_split/per_allele_calls.tsv,mateusz_phd/research/kmers_v2/p1_metrics/outputs/per_allele_calls.tsv,17728286,663752,26.7,fc8f4172fc0e7f25a11523bca396c203,"per-allele scored call, all four tools"
01_allele_third_split,per_allele_context.tsv,mateusz_phd/research/kmers_v2/p6_deposit/FINAL/01_allele_third_split/per_allele_context.tsv,mateusz_phd/research/kmers_v2/p1_metrics/outputs/per_allele_context.tsv,415178,31909,13.0,5b3c784d29af623df3aa9dd2e10e5694,"per-allele genomic-context call, 8,207"
01_allele_third_split,rescore_final.tsv,mateusz_phd/research/kmers_v2/p6_deposit/FINAL/01_allele_third_split/rescore_final.tsv,mateusz_phd/research/kmers_v2/p1_metrics/outputs/rescore_final.tsv,860,437,2.0,042ff787efa688c67a22584284c7ad92,scoring summary
01_allele_third_split,stats_ci_mcnemar.tsv,mateusz_phd/research/kmers_v2/p6_deposit/FINAL/01_allele_third_split/stats_ci_mcnemar.tsv,mateusz_phd/research/kmers_v2/p1_metrics/outputs/stats_ci_mcnemar.tsv,1669,603,2.8,926e680f87bee6a544e84151650d4538,Wilson intervals + McNemar tests
01_allele_third_split,supp_by_drugclass_context.csv,mateusz_phd/research/kmers_v2/p6_deposit/FINAL/01_allele_third_split/supp_by_drugclass_context.csv,mateusz_phd/research/kmers_v2/p1_metrics/outputs/supp_by_drugclass_context.csv,12937,3640,3.6,22148b3d07805c49d03df10a5e528b09,Supp Fig 3B data
01_allele_third_split,supp_by_genefamily_context.csv,mateusz_phd/research/kmers_v2/p6_deposit/FINAL/01_allele_third_split/supp_by_genefamily_context.csv,mateusz_phd/research/kmers_v2/p1_metrics/outputs/supp_by_genefamily_context.csv,56296,9159,6.1,25dc5addd4f2c183ab439acdc5efc247,per AMR gene family
01_allele_third_split,supp_by_mechanism_context.csv,mateusz_phd/research/kmers_v2/p6_deposit/FINAL/01_allele_third_split/supp_by_mechanism_context.csv,mateusz_phd/research/kmers_v2/p1_metrics/outputs/supp_by_mechanism_context.csv,2630,920,2.9,16cf7ad153b9f7623ea28150d26beab3,Supp Fig 3A data
01_allele_third_split,supp_by_pathogen_context.csv,mateusz_phd/research/kmers_v2/p6_deposit/FINAL/01_allele_third_split/supp_by_pathogen_context.csv,mateusz_phd/research/kmers_v2/p1_metrics/outputs/supp_by_pathogen_context.csv,78058,13054,6.0,0f166b545b28ed9be954923b226f8a27,Supp Fig 2 data
01_allele_third_split,testing_61mer_analysis.json,mateusz_phd/research/kmers_v2/p6_deposit/FINAL/01_allele_third_split/testing_61mer_analysis.json,mateusz_phd/research/kmers/aim1/outputs/testing_61mer_analysis.json,27758545,1880407,14.8,dbcacff1f646265fd0eb04ac9de90238,"CARD k-mers JSON evidence, held-out set"
01_allele_third_split,testing_clark_default.csv,mateusz_phd/research/kmers_v2/p6_deposit/FINAL/01_allele_third_split/testing_clark_default.csv,mateusz_phd/research/kmers/aim1/outputs/testing_clark_default.csv,10183509,770925,13.2,3823395e6c60f840b457d027400babde,CLARK raw output
02_kmer_size_sweep,context_sweep.csv,mateusz_phd/research/kmers_v2/p6_deposit/FINAL/02_kmer_size_sweep/context_sweep.csv,mateusz_phd/research/kmers_v2/p1_metrics/outputs/context_sweep.csv,157647,19488,8.1,28d167d091e6ed6ed9c4ce4893aaca3c,k=4-100 genomic context
02_kmer_size_sweep,context_sweep_draws.csv,mateusz_phd/research/kmers_v2/p6_deposit/FINAL/02_kmer_size_sweep/context_sweep_draws.csv,mateusz_phd/research/kmers_v2/p1_metrics/outputs/context_sweep_draws.csv,25844708,6113917,4.2,52b39345173055c8e5479a5a1fb34994,"194,000 bootstrap replicates"
02_kmer_size_sweep,ksweep_bootstrap.csv,mateusz_phd/research/kmers_v2/p6_deposit/FINAL/02_kmer_size_sweep/ksweep_bootstrap.csv,mateusz_phd/research/kmers_v2/p1_metrics/outputs/ksweep_bootstrap.csv,31580,9455,3.3,a32fb024e9c3a8745b225f0396a219bb,"k=4-100 taxonomy, point + CI"
02_kmer_size_sweep,ksweep_bootstrap_draws.csv,mateusz_phd/research/kmers_v2/p6_deposit/FINAL/02_kmer_size_sweep/ksweep_bootstrap_draws.csv,mateusz_phd/research/kmers_v2/p1_metrics/outputs/ksweep_bootstrap_draws.csv,33469184,11150327,3.0,3a587b704f9462c897578878853bfa30,"194,000 bootstrap replicates"
03_genome_spikein,master_genomes_phm_args.csv,mateusz_phd/research/kmers_v2/p6_deposit/FINAL/03_genome_spikein/master_genomes_phm_args.csv,mateusz_phd/research/kmers_v2/other_git/master_genomes_phm_args.csv,42108,7093,5.9,f9bd7943c015b3d948fe8790c5e1b3f9,PHM resistome of the four isolates
03_genome_spikein,master_kmer_spikein_results.csv,mateusz_phd/research/kmers_v2/p6_deposit/FINAL/03_genome_spikein/master_kmer_spikein_results.csv,orf_genomes/rgi/kmers/master_kmer_spikein_results.csv,134806,12940,10.4,164b308029a68e15165763b35b34c3d9,"FINAL k-mer results, 25 libraries"
03_genome_spikein,master_phm_args.csv,mateusz_phd/research/kmers_v2/p6_deposit/FINAL/03_genome_spikein/master_phm_args.csv,orf_genomes/rgi/summary/master_phm_args.csv,42108,7093,5.9,f9bd7943c015b3d948fe8790c5e1b3f9,"per-ARG table, 155 ARGs"
03_genome_spikein,master_phm_args_by_drugclass.csv,mateusz_phd/research/kmers_v2/p6_deposit/FINAL/03_genome_spikein/master_phm_args_by_drugclass.csv,orf_genomes/rgi/summary/master_phm_args_by_drugclass.csv,72475,5055,14.3,14ff79ef8a3bcf561330bc0dead81946,exploded by drug class
03_genome_spikein,master_phm_args_by_mechanism.csv,mateusz_phd/research/kmers_v2/p6_deposit/FINAL/03_genome_spikein/master_phm_args_by_mechanism.csv,orf_genomes/rgi/summary/master_phm_args_by_mechanism.csv,22867,2974,7.7,74739c3d731b93cbc31ab66062a654b7,exploded by mechanism
03_genome_spikein,rgi_main_by_model.csv,mateusz_phd/research/kmers_v2/p6_deposit/FINAL/03_genome_spikein/rgi_main_by_model.csv,orf_genomes/rgi/summary/rgi_main_by_model.csv,965,247,3.9,0e2d70b3d3e53c6422185bd972b28ac4,model-type breakdown
03_genome_spikein,rgi_main_summary.csv,mateusz_phd/research/kmers_v2/p6_deposit/FINAL/03_genome_spikein/rgi_main_summary.csv,orf_genomes/rgi/summary/rgi_main_summary.csv,1615,616,2.6,4bc4799a97906cdc2175b70dec10ee0f,"per-genome RGI summary, all vs PHM"
03_genome_spikein,spikein_per_library_kmer_results.tar.gz,mateusz_phd/research/kmers_v2/p6_deposit/FINAL/03_genome_spikein/spikein_per_library_kmer_results.tar.gz,orf_genomes/rgi/kmers/spike_ins/*/*/*,3525672,216742,16.3,35d28e8b5be59a964a533b05d0045608,"per-library CARD k-mers results, 25 whole-genome spike-in libraries [75 files, archive]"
04_allele_spikein,simulome_read_pairs.csv,mateusz_phd/research/kmers_v2/p6_deposit/FINAL/04_allele_spikein/simulome_read_pairs.csv,mateusz_phd/research/kmers_v2/simulome_read_pairs.csv,1645934,270855,6.1,4fa6566e56bb112acb0273f0be1b5521,simulated read-pair counts
04_allele_spikein,simulomes_kmer_gene_master.csv,mateusz_phd/research/kmers_v2/p6_deposit/FINAL/04_allele_spikein/simulomes_kmer_gene_master.csv,mateusz_phd/research/kmers_v2/simulomes_kmer_gene_master.csv,12276569,1239787,9.9,523abc934c5dc28e58adf7b6cc587134,per allele x coverage x replicate
04_allele_spikein,simulomes_kmer_gene_master_annotated.csv,mateusz_phd/research/kmers_v2/p6_deposit/FINAL/04_allele_spikein/simulomes_kmer_gene_master_annotated.csv,mateusz_phd/research/kmers_v2/other_git/simulomes_kmer_gene_master_annotated.csv,14044874,1478110,9.5,5c6fce7ad37aec047ebad9bb1d803d4a,"FINAL k-mer results, annotated"
05_sewage,master_kmer_sewage_results.csv,mateusz_phd/research/kmers_v2/p6_deposit/FINAL/05_sewage/master_kmer_sewage_results.csv,orf_genomes/rgi/kmers/master_kmer_sewage_results.csv,10034479,1259900,8.0,44a9b049e8d81c060277263013154fa6,"FINAL k-mer results, 249 metagenomes"
05_sewage,sewage_per_sample_kmer_results.tar.gz,mateusz_phd/research/kmers_v2/p6_deposit/FINAL/05_sewage/sewage_per_sample_kmer_results.tar.gz,orf_genomes/rgi/kmers/sewage/*_61mer_analysis.gene.txt; orf_genomes/rgi/kmers/sewage/*_61mer_analysis.allele.txt,21649980,3815664,5.7,25b489fb8bcc625f88d6472403549a82,"per-sample CARD k-mers results, 249 sewage metagenomes (gene + allele level) [498 files, archive]"
06_other,1mill_time_query_15mer_1thread,mateusz_phd/research/kmers_v2/p6_deposit/FINAL/06_other/1mill_time_query_15mer_1thread,mateusz_phd/research/kmers/aim2/outputs/speed/1mill_time_query_15mer_1thread,849,470,1.8,75262381ded908c795a68329b5b99e29,speed benchmark
06_other,1mill_time_query_15mer_40thread,mateusz_phd/research/kmers_v2/p6_deposit/FINAL/06_other/1mill_time_query_15mer_40thread,mateusz_phd/research/kmers/aim2/outputs/speed/1mill_time_query_15mer_40thread,852,470,1.8,e861b1fb24f688b15f716620c95225ac,speed benchmark
06_other,1mill_time_query_61mer_1thread,mateusz_phd/research/kmers_v2/p6_deposit/FINAL/06_other/1mill_time_query_61mer_1thread,mateusz_phd/research/kmers/aim2/outputs/speed/1mill_time_query_61mer_1thread,849,467,1.8,eea5bf40b569e4067278920df2844b1c,speed benchmark
06_other,1mill_time_query_61mer_40thread,mateusz_phd/research/kmers_v2/p6_deposit/FINAL/06_other/1mill_time_query_61mer_40thread,mateusz_phd/research/kmers/aim2/outputs/speed/1mill_time_query_61mer_40thread,852,473,1.8,d3fbe702f38292ae11cc864f46079180,speed benchmark
06_other,supp_fig4_allele_pathogen_distribution.csv,mateusz_phd/research/kmers_v2/p6_deposit/FINAL/06_other/supp_fig4_allele_pathogen_distribution.csv,mateusz_phd/research/kmers/aim2/outputs/supp_fig4_allele_pathogen_distribution.csv,396,216,1.8,aa1f385dc7027db29de60264dc69e7f1,allele -> pathogen-count distribution
06_other,time_library_build_15mer_1thread,mateusz_phd/research/kmers_v2/p6_deposit/FINAL/06_other/time_library_build_15mer_1thread,mateusz_phd/research/kmers/aim2/outputs/speed/time_library_build_15mer_1thread,863,488,1.8,904e90c3b149565a632d7ef50d4fd034,library build benchmark
06_other,time_library_build_15mer_40thread,mateusz_phd/research/kmers_v2/p6_deposit/FINAL/06_other/time_library_build_15mer_40thread,mateusz_phd/research/kmers/aim2/outputs/speed/time_library_build_15mer_40thread,870,490,1.8,15fd5d2354458e703947ae03215a9d39,library build benchmark
06_other,time_library_build_61mer_40thread,mateusz_phd/research/kmers_v2/p6_deposit/FINAL/06_other/time_library_build_61mer_40thread,mateusz_phd/research/kmers/aim2/outputs/speed/time_library_build_61mer_40thread,877,494,1.8,56708e8f5a5578ed34070d8406b67c4a,library build benchmark
06_other,unclassified_umap_k61.html,mateusz_phd/research/kmers_v2/p6_deposit/FINAL/06_other/unclassified_umap_k61.html,mateusz_phd/research/kmers_v2/other_git/unclassified_umap_k61.html,4526393,1397675,3.2,9868322972386c23ea40832201103da9,Supp Fig 6 interactive UMAP
06_other,unclassified_umap_k61_coords.csv,mateusz_phd/research/kmers_v2/p6_deposit/FINAL/06_other/unclassified_umap_k61_coords.csv,mateusz_phd/research/kmers/aim2/outputs/unclassified_umap_k61_coords.csv,225944,71903,3.1,ff057884726f6468f07dbf4046b96191,"UMAP coordinates, 3,556 points"
